{
  "rows": 43085,
  "synopsis_non_empty_%": 79.68202390623188,
  "tags_non_empty_%": 97.74631542300104,
  "genres_non_empty_%": 67.24846234188232,
  "categories_non_empty_%": 84.10815829174886,
  "authors_non_empty_%": 0.0,
  "title_candidates_avg": 2.1215736335151445
}