run_id,query_id,rank,doc_key,chunk_id,score,created_at
6e2f572f-66c9-46d1-8aec-7bced65c7820,1,1,ms_review:4542,58096,0.8964254856109619,2025-12-28 04:30:02.112608+01
6e2f572f-66c9-46d1-8aec-7bced65c7820,1,2,ms_review:3830,55886,0.8903160095214844,2025-12-28 04:30:02.112608+01
6e2f572f-66c9-46d1-8aec-7bced65c7820,1,3,ms_review:4673,58530,0.8902379274368286,2025-12-28 04:30:02.112608+01
6e2f572f-66c9-46d1-8aec-7bced65c7820,1,4,ms_review:5922,62349,0.8890321254730225,2025-12-28 04:30:02.112608+01
6e2f572f-66c9-46d1-8aec-7bced65c7820,1,5,ms_review:3469,54758,0.8886092901229858,2025-12-28 04:30:02.112608+01
6e2f572f-66c9-46d1-8aec-7bced65c7820,1,6,ms_review:4259,57209,0.8881657123565674,2025-12-28 04:30:02.112608+01
6e2f572f-66c9-46d1-8aec-7bced65c7820,1,7,ms_review:5733,61768,0.8880428075790405,2025-12-28 04:30:02.112608+01
6e2f572f-66c9-46d1-8aec-7bced65c7820,1,8,ms_review:4504,57980,0.8880250453948975,2025-12-28 04:30:02.112608+01
6e2f572f-66c9-46d1-8aec-7bced65c7820,1,9,ms_review:4289,57297,0.8874637484550476,2025-12-28 04:25:07.075226+01
6e2f572f-66c9-46d1-8aec-7bced65c7820,1,10,ms_review:4712,58660,0.8866766095161438,2025-12-28 04:25:07.075226+01
6e2f572f-66c9-46d1-8aec-7bced65c7820,1,11,ms_review:4167,56919,0.8864225149154663,2025-12-28 04:25:07.075226+01
6e2f572f-66c9-46d1-8aec-7bced65c7820,1,12,ms_review:5209,60140,0.8860617876052856,2025-12-28 04:25:07.075226+01
6e2f572f-66c9-46d1-8aec-7bced65c7820,1,13,ms_review:5073,59714,0.8859490156173706,2025-12-28 04:25:07.075226+01
6e2f572f-66c9-46d1-8aec-7bced65c7820,1,14,ms_review:5210,60142,0.8856558799743652,2025-12-28 04:25:07.075226+01
6e2f572f-66c9-46d1-8aec-7bced65c7820,1,15,ms_review:4379,57577,0.8852750658988953,2025-12-28 04:25:07.075226+01
6e2f572f-66c9-46d1-8aec-7bced65c7820,1,16,ms_review:3688,55415,0.8850253820419312,2025-12-28 04:25:07.075226+01
6e2f572f-66c9-46d1-8aec-7bced65c7820,1,17,ms_review:3898,56089,0.8850247263908386,2025-12-28 04:25:07.075226+01
6e2f572f-66c9-46d1-8aec-7bced65c7820,1,18,ms_review:6370,63736,0.8847439289093018,2025-12-28 04:25:07.075226+01
6e2f572f-66c9-46d1-8aec-7bced65c7820,1,19,ms_review:3636,55247,0.884335458278656,2025-12-28 04:25:07.075226+01
6e2f572f-66c9-46d1-8aec-7bced65c7820,1,20,ms_review:4741,58746,0.8842718601226807,2025-12-28 04:25:07.075226+01
6e2f572f-66c9-46d1-8aec-7bced65c7820,1,21,ms_review:6108,62888,0.8842409253120422,2025-12-28 04:25:07.075226+01
6e2f572f-66c9-46d1-8aec-7bced65c7820,1,22,ms_review:3581,55079,0.8841129541397095,2025-12-28 04:25:07.075226+01
6e2f572f-66c9-46d1-8aec-7bced65c7820,1,23,ms_review:5955,62441,0.8840982913970947,2025-12-28 04:25:07.075226+01
6e2f572f-66c9-46d1-8aec-7bced65c7820,1,24,ms_review:5461,60919,0.8838897347450256,2025-12-28 04:25:07.075226+01
6e2f572f-66c9-46d1-8aec-7bced65c7820,1,25,ms_review:5916,62333,0.8836899399757385,2025-12-28 04:25:07.075226+01
6e2f572f-66c9-46d1-8aec-7bced65c7820,1,26,ms_review:4367,57537,0.8835774064064026,2025-12-28 04:25:07.075226+01
6e2f572f-66c9-46d1-8aec-7bced65c7820,1,27,ms_review:3994,56397,0.8834167718887329,2025-12-28 04:25:07.075226+01
6e2f572f-66c9-46d1-8aec-7bced65c7820,1,28,ms_review:4375,57564,0.8834012746810913,2025-12-28 04:25:07.075226+01
6e2f572f-66c9-46d1-8aec-7bced65c7820,1,29,ms_review:4813,58936,0.8832941651344299,2025-12-28 04:25:07.075226+01
6e2f572f-66c9-46d1-8aec-7bced65c7820,1,30,ms_review:5066,59696,0.8829600214958191,2025-12-28 04:25:07.075226+01
6e2f572f-66c9-46d1-8aec-7bced65c7820,1,31,ms_review:5738,61784,0.8827980756759644,2025-12-28 04:25:07.075226+01
6e2f572f-66c9-46d1-8aec-7bced65c7820,1,32,ms_review:6043,62695,0.8827501535415649,2025-12-28 04:25:07.075226+01
6e2f572f-66c9-46d1-8aec-7bced65c7820,1,33,ms_review:3964,56310,0.882699728012085,2025-12-28 04:25:07.075226+01
6e2f572f-66c9-46d1-8aec-7bced65c7820,1,34,ms_review:3721,55526,0.8825678825378418,2025-12-28 04:25:07.075226+01
6e2f572f-66c9-46d1-8aec-7bced65c7820,1,35,ms_review:5812,62010,0.882544994354248,2025-12-28 04:25:07.075226+01
6e2f572f-66c9-46d1-8aec-7bced65c7820,1,36,ms_hybrid:53334,48425,0.8824732303619385,2025-12-28 04:25:07.075226+01
6e2f572f-66c9-46d1-8aec-7bced65c7820,1,37,ms_review:6193,63160,0.8824610114097595,2025-12-28 04:25:07.075226+01
6e2f572f-66c9-46d1-8aec-7bced65c7820,1,38,ms_review:4862,59077,0.8824062347412109,2025-12-28 04:25:07.075226+01
6e2f572f-66c9-46d1-8aec-7bced65c7820,1,39,ms_hybrid:60493,49447,0.8824062347412109,2025-12-28 04:25:07.075226+01
6e2f572f-66c9-46d1-8aec-7bced65c7820,1,40,ms_review:3915,56134,0.882306694984436,2025-12-28 04:25:07.075226+01
6e2f572f-66c9-46d1-8aec-7bced65c7820,1,41,ms_review:3818,55834,0.8822933435440063,2025-12-28 04:25:07.075226+01
6e2f572f-66c9-46d1-8aec-7bced65c7820,1,42,ms_review:3723,55529,0.8822368383407593,2025-12-28 04:25:07.075226+01
6e2f572f-66c9-46d1-8aec-7bced65c7820,1,43,ms_review:3313,54285,0.8819621801376343,2025-12-28 04:25:07.075226+01
6e2f572f-66c9-46d1-8aec-7bced65c7820,1,44,ms_review:3899,56092,0.8818854093551636,2025-12-28 04:25:07.075226+01
6e2f572f-66c9-46d1-8aec-7bced65c7820,1,45,ms_review:3723,55530,0.8818590641021729,2025-12-28 04:25:07.075226+01
6e2f572f-66c9-46d1-8aec-7bced65c7820,1,46,ms_hybrid:71975,51929,0.8818179368972778,2025-12-28 04:25:07.075226+01
6e2f572f-66c9-46d1-8aec-7bced65c7820,1,47,ms_review:5166,60002,0.8817757368087769,2025-12-28 04:25:07.075226+01
6e2f572f-66c9-46d1-8aec-7bced65c7820,1,48,ms_review:6027,62656,0.8817276954650879,2025-12-28 04:25:07.075226+01
6e2f572f-66c9-46d1-8aec-7bced65c7820,1,49,ms_review:6187,63141,0.8816290497779846,2025-12-28 04:25:07.075226+01
6e2f572f-66c9-46d1-8aec-7bced65c7820,1,50,ms_review:6275,63422,0.8814867734909058,2025-12-28 04:25:07.075226+01
6e2f572f-66c9-46d1-8aec-7bced65c7820,2,1,kitsu:63169,33735,0.8974308371543884,2025-12-28 04:30:05.460051+01
6e2f572f-66c9-46d1-8aec-7bced65c7820,2,2,kitsu:63171,33738,0.896320104598999,2025-12-28 04:30:05.460051+01
6e2f572f-66c9-46d1-8aec-7bced65c7820,2,3,kitsu:63084,33678,0.8962783217430115,2025-12-28 04:30:05.460051+01
6e2f572f-66c9-46d1-8aec-7bced65c7820,2,4,kitsu:63170,33737,0.8952715396881104,2025-12-28 04:30:05.460051+01
6e2f572f-66c9-46d1-8aec-7bced65c7820,2,5,kitsu:63350,33856,0.8931053876876831,2025-12-28 04:30:05.460051+01
6e2f572f-66c9-46d1-8aec-7bced65c7820,2,6,kitsu:63082,33677,0.8930410146713257,2025-12-28 04:30:05.460051+01
6e2f572f-66c9-46d1-8aec-7bced65c7820,2,7,kitsu:63406,33884,0.892936646938324,2025-12-28 04:30:05.460051+01
6e2f572f-66c9-46d1-8aec-7bced65c7820,2,8,kitsu:63167,33733,0.8915802240371704,2025-12-28 04:30:05.460051+01
6e2f572f-66c9-46d1-8aec-7bced65c7820,2,9,kitsu:63085,33679,0.8912529945373535,2025-12-28 04:25:10.471947+01
6e2f572f-66c9-46d1-8aec-7bced65c7820,2,10,kitsu:63432,33904,0.8907923102378845,2025-12-28 04:25:10.471947+01
6e2f572f-66c9-46d1-8aec-7bced65c7820,2,11,kitsu:63454,33916,0.8907468318939209,2025-12-28 04:25:10.471947+01
6e2f572f-66c9-46d1-8aec-7bced65c7820,2,12,kitsu:63164,33730,0.8904074430465698,2025-12-28 04:25:10.471947+01
6e2f572f-66c9-46d1-8aec-7bced65c7820,2,13,kitsu:64855,34677,0.8903930187225342,2025-12-28 04:25:10.471947+01
6e2f572f-66c9-46d1-8aec-7bced65c7820,2,14,kitsu:63345,33851,0.8902660608291626,2025-12-28 04:25:10.471947+01
6e2f572f-66c9-46d1-8aec-7bced65c7820,2,15,kitsu:63427,33900,0.8898120522499084,2025-12-28 04:25:10.471947+01
6e2f572f-66c9-46d1-8aec-7bced65c7820,2,16,kitsu:63458,33918,0.8895608186721802,2025-12-28 04:25:10.471947+01
6e2f572f-66c9-46d1-8aec-7bced65c7820,2,17,kitsu:63411,33888,0.8893197774887085,2025-12-28 04:25:10.471947+01
6e2f572f-66c9-46d1-8aec-7bced65c7820,2,18,kitsu:63365,33862,0.8891462683677673,2025-12-28 04:25:10.471947+01
6e2f572f-66c9-46d1-8aec-7bced65c7820,2,19,kitsu:63413,33890,0.8889070749282837,2025-12-28 04:25:10.471947+01
6e2f572f-66c9-46d1-8aec-7bced65c7820,2,20,kitsu:63384,33872,0.8887924551963806,2025-12-28 04:25:10.471947+01
6e2f572f-66c9-46d1-8aec-7bced65c7820,2,21,kitsu:63172,33739,0.8886306285858154,2025-12-28 04:25:10.471947+01
6e2f572f-66c9-46d1-8aec-7bced65c7820,2,22,kitsu:66658,35757,0.8883273005485535,2025-12-28 04:25:10.471947+01
6e2f572f-66c9-46d1-8aec-7bced65c7820,2,23,kitsu:63348,33854,0.8879897594451904,2025-12-28 04:25:10.471947+01
6e2f572f-66c9-46d1-8aec-7bced65c7820,2,24,kitsu:63399,33877,0.8872994184494019,2025-12-28 04:25:10.471947+01
6e2f572f-66c9-46d1-8aec-7bced65c7820,2,25,kitsu:63385,33873,0.887134850025177,2025-12-28 04:25:10.471947+01
6e2f572f-66c9-46d1-8aec-7bced65c7820,2,26,kitsu:63425,33899,0.8865196704864502,2025-12-28 04:25:10.471947+01
6e2f572f-66c9-46d1-8aec-7bced65c7820,2,27,kitsu:63401,33880,0.8864098787307739,2025-12-28 04:25:10.471947+01
6e2f572f-66c9-46d1-8aec-7bced65c7820,2,28,kitsu:63397,33875,0.8863023519515991,2025-12-28 04:25:10.471947+01
6e2f572f-66c9-46d1-8aec-7bced65c7820,2,29,kitsu:63405,33883,0.8860378265380859,2025-12-28 04:25:10.471947+01
6e2f572f-66c9-46d1-8aec-7bced65c7820,2,30,kitsu:63430,33903,0.8860266804695129,2025-12-28 04:25:10.471947+01
6e2f572f-66c9-46d1-8aec-7bced65c7820,2,31,kitsu:72457,39390,0.8857870697975159,2025-12-28 04:25:10.471947+01
6e2f572f-66c9-46d1-8aec-7bced65c7820,2,32,kitsu:63337,33847,0.885756254196167,2025-12-28 04:25:10.471947+01
6e2f572f-66c9-46d1-8aec-7bced65c7820,2,33,kitsu:63152,33721,0.885711669921875,2025-12-28 04:25:10.471947+01
6e2f572f-66c9-46d1-8aec-7bced65c7820,2,34,kitsu:8962,43009,0.8856107592582703,2025-12-28 04:25:10.471947+01
6e2f572f-66c9-46d1-8aec-7bced65c7820,2,35,kitsu:63149,33718,0.885577380657196,2025-12-28 04:25:10.471947+01
6e2f572f-66c9-46d1-8aec-7bced65c7820,2,36,kitsu:4729,22999,0.8841755390167236,2025-12-28 04:25:10.471947+01
6e2f572f-66c9-46d1-8aec-7bced65c7820,2,37,kitsu:15444,3494,0.8836355209350586,2025-12-28 04:25:10.471947+01
6e2f572f-66c9-46d1-8aec-7bced65c7820,2,38,kitsu:44404,21392,0.883567214012146,2025-12-28 04:25:10.471947+01
6e2f572f-66c9-46d1-8aec-7bced65c7820,2,39,kitsu:63412,33889,0.883468747138977,2025-12-28 04:25:10.471947+01
6e2f572f-66c9-46d1-8aec-7bced65c7820,2,40,kitsu:63308,33838,0.8834360837936401,2025-12-28 04:25:10.471947+01
6e2f572f-66c9-46d1-8aec-7bced65c7820,2,41,kitsu:6226,33175,0.8829535245895386,2025-12-28 04:25:10.471947+01
6e2f572f-66c9-46d1-8aec-7bced65c7820,2,42,kitsu:63364,33861,0.8828580379486084,2025-12-28 04:25:10.471947+01
6e2f572f-66c9-46d1-8aec-7bced65c7820,2,43,kitsu:63366,33863,0.8828384876251221,2025-12-28 04:25:10.471947+01
6e2f572f-66c9-46d1-8aec-7bced65c7820,2,44,kitsu:63457,33917,0.8826292753219604,2025-12-28 04:25:10.471947+01
6e2f572f-66c9-46d1-8aec-7bced65c7820,2,45,kitsu:64940,34726,0.8823447823524475,2025-12-28 04:25:10.471947+01
6e2f572f-66c9-46d1-8aec-7bced65c7820,2,46,kitsu:63166,33732,0.881831705570221,2025-12-28 04:25:10.471947+01
6e2f572f-66c9-46d1-8aec-7bced65c7820,2,47,kitsu:63339,33848,0.8816695213317871,2025-12-28 04:25:10.471947+01
6e2f572f-66c9-46d1-8aec-7bced65c7820,2,48,kitsu:24210,9450,0.881622850894928,2025-12-28 04:25:10.471947+01
6e2f572f-66c9-46d1-8aec-7bced65c7820,2,49,kitsu:16399,4180,0.8815872073173523,2025-12-28 04:25:10.471947+01
6e2f572f-66c9-46d1-8aec-7bced65c7820,2,50,kitsu:18358,5401,0.8813154697418213,2025-12-28 04:25:10.471947+01
6e2f572f-66c9-46d1-8aec-7bced65c7820,3,1,ms_review:4034,56524,0.881881058216095,2025-12-28 04:30:05.484642+01
6e2f572f-66c9-46d1-8aec-7bced65c7820,3,2,ms_review:4673,58529,0.8747482299804688,2025-12-28 04:30:05.484642+01
6e2f572f-66c9-46d1-8aec-7bced65c7820,3,3,ms_review:5199,60108,0.8741817474365234,2025-12-28 04:30:05.484642+01
6e2f572f-66c9-46d1-8aec-7bced65c7820,3,4,ms_review:3708,55486,0.8728163242340088,2025-12-28 04:30:05.484642+01
6e2f572f-66c9-46d1-8aec-7bced65c7820,3,5,ms_hybrid:15721,45979,0.8717537522315979,2025-12-28 04:30:05.484642+01
6e2f572f-66c9-46d1-8aec-7bced65c7820,3,6,ms_review:3723,55531,0.8716673851013184,2025-12-28 04:30:05.484642+01
6e2f572f-66c9-46d1-8aec-7bced65c7820,3,7,ms_review:4035,56527,0.8711672425270081,2025-12-28 04:30:05.484642+01
6e2f572f-66c9-46d1-8aec-7bced65c7820,3,8,kitsu:17990,5198,0.8701275587081909,2025-12-28 04:30:05.484642+01
6e2f572f-66c9-46d1-8aec-7bced65c7820,3,9,ms_review:5705,61681,0.8693392872810364,2025-12-28 04:25:10.501312+01
6e2f572f-66c9-46d1-8aec-7bced65c7820,3,10,ms_review:6029,62661,0.8693211674690247,2025-12-28 04:25:10.501312+01
6e2f572f-66c9-46d1-8aec-7bced65c7820,3,11,kitsu:49682,24574,0.8692079186439514,2025-12-28 04:25:10.501312+01
6e2f572f-66c9-46d1-8aec-7bced65c7820,3,12,kitsu:45986,22315,0.8690898418426514,2025-12-28 04:25:10.501312+01
6e2f572f-66c9-46d1-8aec-7bced65c7820,3,13,kitsu:50715,25245,0.8689781427383423,2025-12-28 04:25:10.501312+01
6e2f572f-66c9-46d1-8aec-7bced65c7820,3,14,ms_review:5235,60221,0.8681987524032593,2025-12-28 04:25:10.501312+01
6e2f572f-66c9-46d1-8aec-7bced65c7820,3,15,ms_review:5102,59807,0.8680260181427002,2025-12-28 04:25:10.501312+01
6e2f572f-66c9-46d1-8aec-7bced65c7820,3,16,kitsu:49032,24119,0.8680026531219482,2025-12-28 04:25:10.501312+01
6e2f572f-66c9-46d1-8aec-7bced65c7820,3,17,kitsu:38382,17230,0.8677477240562439,2025-12-28 04:25:10.501312+01
6e2f572f-66c9-46d1-8aec-7bced65c7820,3,18,ms_review:3723,55530,0.8677154779434204,2025-12-28 04:25:10.501312+01
6e2f572f-66c9-46d1-8aec-7bced65c7820,3,19,kitsu:33821,14544,0.8674044013023376,2025-12-28 04:25:10.501312+01
6e2f572f-66c9-46d1-8aec-7bced65c7820,3,20,kitsu:46142,22405,0.8673807382583618,2025-12-28 04:25:10.501312+01
6e2f572f-66c9-46d1-8aec-7bced65c7820,3,21,kitsu:25755,10659,0.8669103980064392,2025-12-28 04:25:10.501312+01
6e2f572f-66c9-46d1-8aec-7bced65c7820,3,22,ms_review:4032,56520,0.8667417168617249,2025-12-28 04:25:10.501312+01
6e2f572f-66c9-46d1-8aec-7bced65c7820,3,23,ms_hybrid:72232,52015,0.8667412996292114,2025-12-28 04:25:10.501312+01
6e2f572f-66c9-46d1-8aec-7bced65c7820,3,24,ms_review:5914,62325,0.8665688037872314,2025-12-28 04:25:10.501312+01
6e2f572f-66c9-46d1-8aec-7bced65c7820,3,25,ms_hybrid:75436,52517,0.8664756417274475,2025-12-28 04:25:10.501312+01
6e2f572f-66c9-46d1-8aec-7bced65c7820,3,26,ms_review:3826,55872,0.866217851638794,2025-12-28 04:25:10.501312+01
6e2f572f-66c9-46d1-8aec-7bced65c7820,3,27,kitsu:48212,23544,0.8660808801651001,2025-12-28 04:25:10.501312+01
6e2f572f-66c9-46d1-8aec-7bced65c7820,3,28,kitsu:48509,23743,0.8659828901290894,2025-12-28 04:25:10.501312+01
6e2f572f-66c9-46d1-8aec-7bced65c7820,3,29,kitsu:49013,24103,0.8657855987548828,2025-12-28 04:25:10.501312+01
6e2f572f-66c9-46d1-8aec-7bced65c7820,3,30,kitsu:3867,17415,0.86566561460495,2025-12-28 04:25:10.501312+01
6e2f572f-66c9-46d1-8aec-7bced65c7820,3,31,ms_review:6329,63601,0.8656116724014282,2025-12-28 04:25:10.501312+01
6e2f572f-66c9-46d1-8aec-7bced65c7820,3,32,ms_review:4139,56842,0.8655317425727844,2025-12-28 04:25:10.501312+01
6e2f572f-66c9-46d1-8aec-7bced65c7820,3,33,kitsu:35561,15412,0.8651406764984131,2025-12-28 04:25:10.501312+01
6e2f572f-66c9-46d1-8aec-7bced65c7820,3,34,ms_review:3612,55177,0.8650552034378052,2025-12-28 04:25:10.501312+01
6e2f572f-66c9-46d1-8aec-7bced65c7820,3,35,kitsu:5986,31636,0.864952564239502,2025-12-28 04:25:10.501312+01
6e2f572f-66c9-46d1-8aec-7bced65c7820,3,36,kitsu:50013,24790,0.8649497032165527,2025-12-28 04:25:10.501312+01
6e2f572f-66c9-46d1-8aec-7bced65c7820,3,37,kitsu:45751,22181,0.8648624420166016,2025-12-28 04:25:10.501312+01
6e2f572f-66c9-46d1-8aec-7bced65c7820,3,38,kitsu:50508,25108,0.8648354411125183,2025-12-28 04:25:10.501312+01
6e2f572f-66c9-46d1-8aec-7bced65c7820,3,39,kitsu:33709,14467,0.8643947243690491,2025-12-28 04:25:10.501312+01
6e2f572f-66c9-46d1-8aec-7bced65c7820,3,40,kitsu:75161,41038,0.8642578125,2025-12-28 04:25:10.501312+01
6e2f572f-66c9-46d1-8aec-7bced65c7820,3,41,kitsu:47872,23322,0.8641594052314758,2025-12-28 04:25:10.501312+01
6e2f572f-66c9-46d1-8aec-7bced65c7820,3,42,ms_review:5288,60383,0.8641502857208252,2025-12-28 04:25:10.501312+01
6e2f572f-66c9-46d1-8aec-7bced65c7820,3,43,ms_hybrid:73196,52221,0.8641217947006226,2025-12-28 04:25:10.501312+01
6e2f572f-66c9-46d1-8aec-7bced65c7820,3,44,kitsu:61539,32686,0.8640347719192505,2025-12-28 04:25:10.501312+01
6e2f572f-66c9-46d1-8aec-7bced65c7820,3,45,kitsu:25645,10567,0.8638960719108582,2025-12-28 04:25:10.501312+01
6e2f572f-66c9-46d1-8aec-7bced65c7820,3,46,kitsu:48469,23721,0.8638695478439331,2025-12-28 04:25:10.501312+01
6e2f572f-66c9-46d1-8aec-7bced65c7820,3,47,kitsu:71477,38763,0.8637927770614624,2025-12-28 04:25:10.501312+01
6e2f572f-66c9-46d1-8aec-7bced65c7820,3,48,ms_review:3428,54623,0.8637778759002686,2025-12-28 04:25:10.501312+01
6e2f572f-66c9-46d1-8aec-7bced65c7820,3,49,ms_review:5665,61556,0.8637481927871704,2025-12-28 04:25:10.501312+01
6e2f572f-66c9-46d1-8aec-7bced65c7820,3,50,kitsu:48540,23766,0.8636157512664795,2025-12-28 04:25:10.501312+01
6e2f572f-66c9-46d1-8aec-7bced65c7820,4,1,ms_review:6189,63147,0.8675062656402588,2025-12-28 04:30:05.506566+01
6e2f572f-66c9-46d1-8aec-7bced65c7820,4,2,ms_review:4604,58315,0.8648449182510376,2025-12-28 04:30:05.506566+01
6e2f572f-66c9-46d1-8aec-7bced65c7820,4,3,kitsu:50761,25270,0.8646721839904785,2025-12-28 04:30:05.506566+01
6e2f572f-66c9-46d1-8aec-7bced65c7820,4,4,ms_review:5975,62500,0.8646578192710876,2025-12-28 04:30:05.506566+01
6e2f572f-66c9-46d1-8aec-7bced65c7820,4,5,ms_review:3871,56000,0.8646361827850342,2025-12-28 04:30:05.506566+01
6e2f572f-66c9-46d1-8aec-7bced65c7820,4,6,ms_review:3351,54390,0.8639166355133057,2025-12-28 04:30:05.506566+01
6e2f572f-66c9-46d1-8aec-7bced65c7820,4,7,ms_hybrid:53477,48445,0.8637919425964355,2025-12-28 04:30:05.506566+01
6e2f572f-66c9-46d1-8aec-7bced65c7820,4,8,ms_review:5389,60678,0.8633328676223755,2025-12-28 04:30:05.506566+01
6e2f572f-66c9-46d1-8aec-7bced65c7820,4,9,ms_review:4327,57409,0.8619235754013062,2025-12-28 04:25:10.53285+01
6e2f572f-66c9-46d1-8aec-7bced65c7820,4,10,ms_review:4781,58847,0.861682653427124,2025-12-28 04:25:10.53285+01
6e2f572f-66c9-46d1-8aec-7bced65c7820,4,11,ms_review:5098,59794,0.8616113662719727,2025-12-28 04:25:10.53285+01
6e2f572f-66c9-46d1-8aec-7bced65c7820,4,12,ms_review:4128,56812,0.8614636659622192,2025-12-28 04:25:10.53285+01
6e2f572f-66c9-46d1-8aec-7bced65c7820,4,13,ms_review:4639,58424,0.8613322973251343,2025-12-28 04:25:10.53285+01
6e2f572f-66c9-46d1-8aec-7bced65c7820,4,14,ms_review:4604,58316,0.8611911535263062,2025-12-28 04:25:10.53285+01
6e2f572f-66c9-46d1-8aec-7bced65c7820,4,15,ms_hybrid:48238,47527,0.861083447933197,2025-12-28 04:25:10.53285+01
6e2f572f-66c9-46d1-8aec-7bced65c7820,4,16,ms_review:5209,60140,0.8610320091247559,2025-12-28 04:25:10.53285+01
6e2f572f-66c9-46d1-8aec-7bced65c7820,4,17,ms_hybrid:60753,49482,0.8608269691467285,2025-12-28 04:25:10.53285+01
6e2f572f-66c9-46d1-8aec-7bced65c7820,4,18,ms_review:5801,61981,0.860612154006958,2025-12-28 04:25:10.53285+01
6e2f572f-66c9-46d1-8aec-7bced65c7820,4,19,ms_hybrid:68166,51033,0.8604706525802612,2025-12-28 04:25:10.53285+01
6e2f572f-66c9-46d1-8aec-7bced65c7820,4,20,ms_review:3676,55371,0.8601425886154175,2025-12-28 04:25:10.53285+01
6e2f572f-66c9-46d1-8aec-7bced65c7820,4,21,ms_review:4863,59082,0.86012202501297,2025-12-28 04:25:10.53285+01
6e2f572f-66c9-46d1-8aec-7bced65c7820,4,22,ms_hybrid:60753,49483,0.8599953651428223,2025-12-28 04:25:10.53285+01
6e2f572f-66c9-46d1-8aec-7bced65c7820,4,23,kitsu:65974,35350,0.859973669052124,2025-12-28 04:25:10.53285+01
6e2f572f-66c9-46d1-8aec-7bced65c7820,4,24,ms_review:4956,59361,0.8599569797515869,2025-12-28 04:25:10.53285+01
6e2f572f-66c9-46d1-8aec-7bced65c7820,4,25,ms_review:4125,56800,0.8598272204399109,2025-12-28 04:25:10.53285+01
6e2f572f-66c9-46d1-8aec-7bced65c7820,4,26,ms_review:5851,62139,0.859825611114502,2025-12-28 04:25:10.53285+01
6e2f572f-66c9-46d1-8aec-7bced65c7820,4,27,ms_review:5605,61362,0.859566867351532,2025-12-28 04:25:10.53285+01
6e2f572f-66c9-46d1-8aec-7bced65c7820,4,28,ms_review:5453,60897,0.859531044960022,2025-12-28 04:25:10.53285+01
6e2f572f-66c9-46d1-8aec-7bced65c7820,4,29,ms_review:6099,62859,0.8593317866325378,2025-12-28 04:25:10.53285+01
6e2f572f-66c9-46d1-8aec-7bced65c7820,4,30,ms_review:4424,57733,0.859190821647644,2025-12-28 04:25:10.53285+01
6e2f572f-66c9-46d1-8aec-7bced65c7820,4,31,ms_review:5142,59922,0.8590644598007202,2025-12-28 04:25:10.53285+01
6e2f572f-66c9-46d1-8aec-7bced65c7820,4,32,ms_review:5196,60099,0.8590279221534729,2025-12-28 04:25:10.53285+01
6e2f572f-66c9-46d1-8aec-7bced65c7820,4,33,kitsu:65225,34899,0.8589720726013184,2025-12-28 04:25:10.53285+01
6e2f572f-66c9-46d1-8aec-7bced65c7820,4,34,ms_hybrid:49303,47729,0.8589695692062378,2025-12-28 04:25:10.53285+01
6e2f572f-66c9-46d1-8aec-7bced65c7820,4,35,ms_hybrid:75176,52492,0.8589047789573669,2025-12-28 04:25:10.53285+01
6e2f572f-66c9-46d1-8aec-7bced65c7820,4,36,ms_review:6331,63611,0.8588905334472656,2025-12-28 04:25:10.53285+01
6e2f572f-66c9-46d1-8aec-7bced65c7820,4,37,kitsu:71242,38613,0.8587175607681274,2025-12-28 04:25:10.53285+01
6e2f572f-66c9-46d1-8aec-7bced65c7820,4,38,kitsu:18288,5367,0.858572781085968,2025-12-28 04:25:10.53285+01
6e2f572f-66c9-46d1-8aec-7bced65c7820,4,39,ms_review:3685,55404,0.8584521412849426,2025-12-28 04:25:10.53285+01
6e2f572f-66c9-46d1-8aec-7bced65c7820,4,40,ms_review:4888,59162,0.8584140539169312,2025-12-28 04:25:10.53285+01
6e2f572f-66c9-46d1-8aec-7bced65c7820,4,41,ms_review:4078,56660,0.8581292033195496,2025-12-28 04:25:10.53285+01
6e2f572f-66c9-46d1-8aec-7bced65c7820,4,42,ms_hybrid:10547,44042,0.85809326171875,2025-12-28 04:25:10.53285+01
6e2f572f-66c9-46d1-8aec-7bced65c7820,4,43,ms_review:3247,54089,0.857830286026001,2025-12-28 04:25:10.53285+01
6e2f572f-66c9-46d1-8aec-7bced65c7820,4,44,ms_review:3464,54745,0.8576580286026001,2025-12-28 04:25:10.53285+01
6e2f572f-66c9-46d1-8aec-7bced65c7820,4,45,ms_review:5378,60652,0.8575088977813721,2025-12-28 04:25:10.53285+01
6e2f572f-66c9-46d1-8aec-7bced65c7820,4,46,ms_review:5167,60006,0.857337474822998,2025-12-28 04:25:10.53285+01
6e2f572f-66c9-46d1-8aec-7bced65c7820,4,47,ms_review:5165,59999,0.8573310375213623,2025-12-28 04:25:10.53285+01
6e2f572f-66c9-46d1-8aec-7bced65c7820,4,48,ms_hybrid:71407,51812,0.8569139242172241,2025-12-28 04:25:10.53285+01
6e2f572f-66c9-46d1-8aec-7bced65c7820,4,49,ms_hybrid:70106,51493,0.8566728234291077,2025-12-28 04:25:10.53285+01
6e2f572f-66c9-46d1-8aec-7bced65c7820,4,50,ms_review:3636,55247,0.8564001321792603,2025-12-28 04:25:10.53285+01
6e2f572f-66c9-46d1-8aec-7bced65c7820,5,1,kitsu:13898,2373,0.8873775005340576,2025-12-28 04:30:05.527732+01
6e2f572f-66c9-46d1-8aec-7bced65c7820,5,2,kitsu:42816,20383,0.881445586681366,2025-12-28 04:30:05.527732+01
6e2f572f-66c9-46d1-8aec-7bced65c7820,5,3,kitsu:45109,21774,0.8777477741241455,2025-12-28 04:30:05.527732+01
6e2f572f-66c9-46d1-8aec-7bced65c7820,5,4,kitsu:27683,12044,0.8732956647872925,2025-12-28 04:30:05.527732+01
6e2f572f-66c9-46d1-8aec-7bced65c7820,5,5,kitsu:31164,13301,0.8731716275215149,2025-12-28 04:30:05.527732+01
6e2f572f-66c9-46d1-8aec-7bced65c7820,5,6,kitsu:36251,15865,0.8727813363075256,2025-12-28 04:30:05.527732+01
6e2f572f-66c9-46d1-8aec-7bced65c7820,5,7,kitsu:23270,8742,0.872310996055603,2025-12-28 04:30:05.527732+01
6e2f572f-66c9-46d1-8aec-7bced65c7820,5,8,ms_hybrid:15199,45800,0.8721103072166443,2025-12-28 04:30:05.527732+01
6e2f572f-66c9-46d1-8aec-7bced65c7820,5,9,ms_hybrid:14532,45651,0.8703786134719849,2025-12-28 04:25:10.56145+01
6e2f572f-66c9-46d1-8aec-7bced65c7820,5,10,kitsu:7614,41474,0.8690482974052429,2025-12-28 04:25:10.56145+01
6e2f572f-66c9-46d1-8aec-7bced65c7820,5,11,ms_hybrid:47417,47425,0.8682539463043213,2025-12-28 04:25:10.56145+01
6e2f572f-66c9-46d1-8aec-7bced65c7820,5,12,kitsu:24885,9991,0.8669256567955017,2025-12-28 04:25:10.56145+01
6e2f572f-66c9-46d1-8aec-7bced65c7820,5,13,ms_review:5275,60344,0.8668298721313477,2025-12-28 04:25:10.56145+01
6e2f572f-66c9-46d1-8aec-7bced65c7820,5,14,ms_review:5271,60335,0.8665218353271484,2025-12-28 04:25:10.56145+01
6e2f572f-66c9-46d1-8aec-7bced65c7820,5,15,kitsu:33675,14442,0.8654075264930725,2025-12-28 04:25:10.56145+01
6e2f572f-66c9-46d1-8aec-7bced65c7820,5,16,kitsu:14906,3096,0.8651405572891235,2025-12-28 04:25:10.56145+01
6e2f572f-66c9-46d1-8aec-7bced65c7820,5,17,kitsu:5904,31162,0.8648473024368286,2025-12-28 04:25:10.56145+01
6e2f572f-66c9-46d1-8aec-7bced65c7820,5,18,kitsu:30888,13195,0.864578366279602,2025-12-28 04:25:10.56145+01
6e2f572f-66c9-46d1-8aec-7bced65c7820,5,19,kitsu:16393,4177,0.8642857074737549,2025-12-28 04:25:10.56145+01
6e2f572f-66c9-46d1-8aec-7bced65c7820,5,20,ms_hybrid:48915,47634,0.8638816475868225,2025-12-28 04:25:10.56145+01
6e2f572f-66c9-46d1-8aec-7bced65c7820,5,21,kitsu:45107,21772,0.8637683987617493,2025-12-28 04:25:10.56145+01
6e2f572f-66c9-46d1-8aec-7bced65c7820,5,22,kitsu:4770,23206,0.8635478019714355,2025-12-28 04:25:10.56145+01
6e2f572f-66c9-46d1-8aec-7bced65c7820,5,23,kitsu:30745,13133,0.863384485244751,2025-12-28 04:25:10.56145+01
6e2f572f-66c9-46d1-8aec-7bced65c7820,5,24,kitsu:9641,43534,0.8632081747055054,2025-12-28 04:25:10.56145+01
6e2f572f-66c9-46d1-8aec-7bced65c7820,5,25,ms_review:4874,59121,0.8629316091537476,2025-12-28 04:25:10.56145+01
6e2f572f-66c9-46d1-8aec-7bced65c7820,5,26,kitsu:30606,13087,0.8623983263969421,2025-12-28 04:25:10.56145+01
6e2f572f-66c9-46d1-8aec-7bced65c7820,5,27,kitsu:29717,12806,0.8620941638946533,2025-12-28 04:25:10.56145+01
6e2f572f-66c9-46d1-8aec-7bced65c7820,5,28,kitsu:3020,12959,0.8620567917823792,2025-12-28 04:25:10.56145+01
6e2f572f-66c9-46d1-8aec-7bced65c7820,5,29,kitsu:34342,14733,0.8618150353431702,2025-12-28 04:25:10.56145+01
6e2f572f-66c9-46d1-8aec-7bced65c7820,5,30,kitsu:40265,18583,0.8617392778396606,2025-12-28 04:25:10.56145+01
6e2f572f-66c9-46d1-8aec-7bced65c7820,5,31,ms_review:5238,60230,0.8616238832473755,2025-12-28 04:25:10.56145+01
6e2f572f-66c9-46d1-8aec-7bced65c7820,5,32,kitsu:54047,27292,0.8616001605987549,2025-12-28 04:25:10.56145+01
6e2f572f-66c9-46d1-8aec-7bced65c7820,5,33,ms_review:5275,60345,0.8614490032196045,2025-12-28 04:25:10.56145+01
6e2f572f-66c9-46d1-8aec-7bced65c7820,5,34,kitsu:48794,23929,0.8612293004989624,2025-12-28 04:25:10.56145+01
6e2f572f-66c9-46d1-8aec-7bced65c7820,5,35,kitsu:24960,10048,0.8611154556274414,2025-12-28 04:25:10.56145+01
6e2f572f-66c9-46d1-8aec-7bced65c7820,5,36,kitsu:45430,21971,0.8610441088676453,2025-12-28 04:25:10.56145+01
6e2f572f-66c9-46d1-8aec-7bced65c7820,5,37,kitsu:49130,24198,0.8606506586074829,2025-12-28 04:25:10.56145+01
6e2f572f-66c9-46d1-8aec-7bced65c7820,5,38,kitsu:37330,16535,0.8606342077255249,2025-12-28 04:25:10.56145+01
6e2f572f-66c9-46d1-8aec-7bced65c7820,5,39,ms_hybrid:12963,45020,0.8605197668075562,2025-12-28 04:25:10.56145+01
6e2f572f-66c9-46d1-8aec-7bced65c7820,5,40,ms_hybrid:10375,43989,0.8604706525802612,2025-12-28 04:25:10.56145+01
6e2f572f-66c9-46d1-8aec-7bced65c7820,5,41,kitsu:41064,19204,0.8602793216705322,2025-12-28 04:25:10.56145+01
6e2f572f-66c9-46d1-8aec-7bced65c7820,5,42,kitsu:621,33064,0.860231876373291,2025-12-28 04:25:10.56145+01
6e2f572f-66c9-46d1-8aec-7bced65c7820,5,43,kitsu:52617,26445,0.8602188229560852,2025-12-28 04:25:10.56145+01
6e2f572f-66c9-46d1-8aec-7bced65c7820,5,44,kitsu:32635,13947,0.8601936101913452,2025-12-28 04:25:10.56145+01
6e2f572f-66c9-46d1-8aec-7bced65c7820,5,45,kitsu:41379,19451,0.8601844310760498,2025-12-28 04:25:10.56145+01
6e2f572f-66c9-46d1-8aec-7bced65c7820,5,46,kitsu:51758,25937,0.8601282835006714,2025-12-28 04:25:10.56145+01
6e2f572f-66c9-46d1-8aec-7bced65c7820,5,47,ms_review:5388,60676,0.8600552082061768,2025-12-28 04:25:10.56145+01
6e2f572f-66c9-46d1-8aec-7bced65c7820,5,48,ms_review:5389,60678,0.8599934577941895,2025-12-28 04:25:10.56145+01
6e2f572f-66c9-46d1-8aec-7bced65c7820,5,49,ms_hybrid:61153,49580,0.8597999811172485,2025-12-28 04:25:10.56145+01
6e2f572f-66c9-46d1-8aec-7bced65c7820,5,50,ms_review:4874,59122,0.8597471714019775,2025-12-28 04:25:10.56145+01
6e2f572f-66c9-46d1-8aec-7bced65c7820,6,1,ms_review:5123,59869,0.8714697360992432,2025-12-28 04:30:05.546166+01
6e2f572f-66c9-46d1-8aec-7bced65c7820,6,2,ms_review:3852,55949,0.8690719604492188,2025-12-28 04:30:05.546166+01
6e2f572f-66c9-46d1-8aec-7bced65c7820,6,3,ms_review:5884,62237,0.8673015832901001,2025-12-28 04:30:05.546166+01
6e2f572f-66c9-46d1-8aec-7bced65c7820,6,4,ms_review:5605,61362,0.8672563433647156,2025-12-28 04:30:05.546166+01
6e2f572f-66c9-46d1-8aec-7bced65c7820,6,5,ms_review:4601,58309,0.8668186664581299,2025-12-28 04:30:05.546166+01
6e2f572f-66c9-46d1-8aec-7bced65c7820,6,6,ms_hybrid:42393,46777,0.8665477633476257,2025-12-28 04:30:05.546166+01
6e2f572f-66c9-46d1-8aec-7bced65c7820,6,7,kitsu:14919,3106,0.8664872646331787,2025-12-28 04:30:05.546166+01
6e2f572f-66c9-46d1-8aec-7bced65c7820,6,8,kitsu:28013,12207,0.8657950162887573,2025-12-28 04:30:05.546166+01
6e2f572f-66c9-46d1-8aec-7bced65c7820,6,9,ms_review:4221,57112,0.8654874563217163,2025-12-28 04:25:10.59186+01
6e2f572f-66c9-46d1-8aec-7bced65c7820,6,10,kitsu:32536,13880,0.8644384145736694,2025-12-28 04:25:10.59186+01
6e2f572f-66c9-46d1-8aec-7bced65c7820,6,11,ms_review:4770,58822,0.8643838167190552,2025-12-28 04:25:10.59186+01
6e2f572f-66c9-46d1-8aec-7bced65c7820,6,12,ms_review:3799,55774,0.8641402721405029,2025-12-28 04:25:10.59186+01
6e2f572f-66c9-46d1-8aec-7bced65c7820,6,13,ms_review:5406,60741,0.8641034364700317,2025-12-28 04:25:10.59186+01
6e2f572f-66c9-46d1-8aec-7bced65c7820,6,14,ms_review:4375,57564,0.8639286756515503,2025-12-28 04:25:10.59186+01
6e2f572f-66c9-46d1-8aec-7bced65c7820,6,15,ms_review:3341,54361,0.8636975288391113,2025-12-28 04:25:10.59186+01
6e2f572f-66c9-46d1-8aec-7bced65c7820,6,16,ms_review:3188,53896,0.8634041547775269,2025-12-28 04:25:10.59186+01
6e2f572f-66c9-46d1-8aec-7bced65c7820,6,17,ms_review:4103,56736,0.8632690906524658,2025-12-28 04:25:10.59186+01
6e2f572f-66c9-46d1-8aec-7bced65c7820,6,18,ms_review:4053,56578,0.8632453680038452,2025-12-28 04:25:10.59186+01
6e2f572f-66c9-46d1-8aec-7bced65c7820,6,19,ms_review:3333,54336,0.8632162809371948,2025-12-28 04:25:10.59186+01
6e2f572f-66c9-46d1-8aec-7bced65c7820,6,20,ms_review:3654,55312,0.8629409074783325,2025-12-28 04:25:10.59186+01
6e2f572f-66c9-46d1-8aec-7bced65c7820,6,21,ms_review:6256,63362,0.8628479242324829,2025-12-28 04:25:10.59186+01
6e2f572f-66c9-46d1-8aec-7bced65c7820,6,22,ms_review:3341,54360,0.8628429174423218,2025-12-28 04:25:10.59186+01
6e2f572f-66c9-46d1-8aec-7bced65c7820,6,23,kitsu:44475,21438,0.8627544641494751,2025-12-28 04:25:10.59186+01
6e2f572f-66c9-46d1-8aec-7bced65c7820,6,24,ms_review:3248,54092,0.8626741170883179,2025-12-28 04:25:10.59186+01
6e2f572f-66c9-46d1-8aec-7bced65c7820,6,25,ms_review:3295,54235,0.8626394271850586,2025-12-28 04:25:10.59186+01
6e2f572f-66c9-46d1-8aec-7bced65c7820,6,26,ms_hybrid:50768,47996,0.8624941110610962,2025-12-28 04:25:10.59186+01
6e2f572f-66c9-46d1-8aec-7bced65c7820,6,27,kitsu:44884,21647,0.8624746799468994,2025-12-28 04:25:10.59186+01
6e2f572f-66c9-46d1-8aec-7bced65c7820,6,28,ms_review:6083,62813,0.8621631860733032,2025-12-28 04:25:10.59186+01
6e2f572f-66c9-46d1-8aec-7bced65c7820,6,29,ms_review:4477,57898,0.8620256185531616,2025-12-28 04:25:10.59186+01
6e2f572f-66c9-46d1-8aec-7bced65c7820,6,30,ms_review:6004,62591,0.8618888854980469,2025-12-28 04:25:10.59186+01
6e2f572f-66c9-46d1-8aec-7bced65c7820,6,31,kitsu:48175,23519,0.8618098497390747,2025-12-28 04:25:10.59186+01
6e2f572f-66c9-46d1-8aec-7bced65c7820,6,32,ms_review:6275,63424,0.8616576194763184,2025-12-28 04:25:10.59186+01
6e2f572f-66c9-46d1-8aec-7bced65c7820,6,33,kitsu:35734,15505,0.861556887626648,2025-12-28 04:25:10.59186+01
6e2f572f-66c9-46d1-8aec-7bced65c7820,6,34,ms_review:5647,61493,0.861517071723938,2025-12-28 04:25:10.59186+01
6e2f572f-66c9-46d1-8aec-7bced65c7820,6,35,ms_review:4748,58765,0.8613651990890503,2025-12-28 04:25:10.59186+01
6e2f572f-66c9-46d1-8aec-7bced65c7820,6,36,ms_review:5407,60745,0.8613283634185791,2025-12-28 04:25:10.59186+01
6e2f572f-66c9-46d1-8aec-7bced65c7820,6,37,ms_review:3445,54684,0.8612500429153442,2025-12-28 04:25:10.59186+01
6e2f572f-66c9-46d1-8aec-7bced65c7820,6,38,ms_review:4686,58581,0.8612254858016968,2025-12-28 04:25:10.59186+01
6e2f572f-66c9-46d1-8aec-7bced65c7820,6,39,ms_review:3974,56339,0.8612031936645508,2025-12-28 04:25:10.59186+01
6e2f572f-66c9-46d1-8aec-7bced65c7820,6,40,kitsu:68497,36821,0.8611941933631897,2025-12-28 04:25:10.59186+01
6e2f572f-66c9-46d1-8aec-7bced65c7820,6,41,ms_review:3555,55011,0.8609461784362793,2025-12-28 04:25:10.59186+01
6e2f572f-66c9-46d1-8aec-7bced65c7820,6,42,kitsu:50127,24860,0.8609186410903931,2025-12-28 04:25:10.59186+01
6e2f572f-66c9-46d1-8aec-7bced65c7820,6,43,ms_review:4766,58813,0.86078941822052,2025-12-28 04:25:10.59186+01
6e2f572f-66c9-46d1-8aec-7bced65c7820,6,44,kitsu:46367,22532,0.8607691526412964,2025-12-28 04:25:10.59186+01
6e2f572f-66c9-46d1-8aec-7bced65c7820,6,45,kitsu:44272,21328,0.8606525659561157,2025-12-28 04:25:10.59186+01
6e2f572f-66c9-46d1-8aec-7bced65c7820,6,46,kitsu:50431,25055,0.8604378700256348,2025-12-28 04:25:10.59186+01
6e2f572f-66c9-46d1-8aec-7bced65c7820,6,47,ms_review:3587,55097,0.8603845834732056,2025-12-28 04:25:10.59186+01
6e2f572f-66c9-46d1-8aec-7bced65c7820,6,48,ms_review:4765,58811,0.8603507876396179,2025-12-28 04:25:10.59186+01
6e2f572f-66c9-46d1-8aec-7bced65c7820,6,49,ms_hybrid:59612,49274,0.8602113723754883,2025-12-28 04:25:10.59186+01
6e2f572f-66c9-46d1-8aec-7bced65c7820,6,50,ms_review:3995,56400,0.8600382804870605,2025-12-28 04:25:10.59186+01
6e2f572f-66c9-46d1-8aec-7bced65c7820,7,1,ms_review:4471,57881,0.8525685667991638,2025-12-28 04:30:05.566038+01
6e2f572f-66c9-46d1-8aec-7bced65c7820,7,2,ms_review:4327,57409,0.8492718935012817,2025-12-28 04:30:05.566038+01
6e2f572f-66c9-46d1-8aec-7bced65c7820,7,3,ms_review:5592,61312,0.8475600481033325,2025-12-28 04:30:05.566038+01
6e2f572f-66c9-46d1-8aec-7bced65c7820,7,4,ms_review:6253,63349,0.8441894054412842,2025-12-28 04:30:05.566038+01
6e2f572f-66c9-46d1-8aec-7bced65c7820,7,5,ms_review:4624,58382,0.8439395427703857,2025-12-28 04:30:05.566038+01
6e2f572f-66c9-46d1-8aec-7bced65c7820,7,6,ms_hybrid:71157,51734,0.8436957001686096,2025-12-28 04:30:05.566038+01
6e2f572f-66c9-46d1-8aec-7bced65c7820,7,7,kitsu:43806,21063,0.8436916470527649,2025-12-28 04:30:05.566038+01
6e2f572f-66c9-46d1-8aec-7bced65c7820,7,8,kitsu:51902,26022,0.8433488607406616,2025-12-28 04:30:05.566038+01
6e2f572f-66c9-46d1-8aec-7bced65c7820,7,9,ms_review:5812,62010,0.8433171510696411,2025-12-28 04:25:10.618413+01
6e2f572f-66c9-46d1-8aec-7bced65c7820,7,10,ms_review:3188,53896,0.8425123691558838,2025-12-28 04:25:10.618413+01
6e2f572f-66c9-46d1-8aec-7bced65c7820,7,11,ms_hybrid:10547,44041,0.8423289656639099,2025-12-28 04:25:10.618413+01
6e2f572f-66c9-46d1-8aec-7bced65c7820,7,12,ms_review:5591,61310,0.8422635793685913,2025-12-28 04:25:10.618413+01
6e2f572f-66c9-46d1-8aec-7bced65c7820,7,13,ms_review:4712,58660,0.8419844508171082,2025-12-28 04:25:10.618413+01
6e2f572f-66c9-46d1-8aec-7bced65c7820,7,14,ms_hybrid:64179,50233,0.8419511914253235,2025-12-28 04:25:10.618413+01
6e2f572f-66c9-46d1-8aec-7bced65c7820,7,15,ms_review:3192,53910,0.8418022394180298,2025-12-28 04:25:10.618413+01
6e2f572f-66c9-46d1-8aec-7bced65c7820,7,16,ms_hybrid:52870,48361,0.8414585590362549,2025-12-28 04:25:10.618413+01
6e2f572f-66c9-46d1-8aec-7bced65c7820,7,17,ms_hybrid:69403,51328,0.841328501701355,2025-12-28 04:25:10.618413+01
6e2f572f-66c9-46d1-8aec-7bced65c7820,7,18,ms_hybrid:67085,50871,0.8409116268157959,2025-12-28 04:25:10.618413+01
6e2f572f-66c9-46d1-8aec-7bced65c7820,7,19,ms_review:3435,54648,0.8407314419746399,2025-12-28 04:25:10.618413+01
6e2f572f-66c9-46d1-8aec-7bced65c7820,7,20,ms_review:5668,61570,0.8403308391571045,2025-12-28 04:25:10.618413+01
6e2f572f-66c9-46d1-8aec-7bced65c7820,7,21,ms_review:3744,55599,0.8403240442276001,2025-12-28 04:25:10.618413+01
6e2f572f-66c9-46d1-8aec-7bced65c7820,7,22,ms_review:5123,59869,0.8403159379959106,2025-12-28 04:25:10.618413+01
6e2f572f-66c9-46d1-8aec-7bced65c7820,7,23,ms_hybrid:75161,52476,0.8400110006332397,2025-12-28 04:25:10.618413+01
6e2f572f-66c9-46d1-8aec-7bced65c7820,7,24,ms_review:4253,57192,0.8399481177330017,2025-12-28 04:25:10.618413+01
6e2f572f-66c9-46d1-8aec-7bced65c7820,7,25,ms_review:4950,59336,0.8398682475090027,2025-12-28 04:25:10.618413+01
6e2f572f-66c9-46d1-8aec-7bced65c7820,7,26,kitsu:53088,26732,0.8398069143295288,2025-12-28 04:25:10.618413+01
6e2f572f-66c9-46d1-8aec-7bced65c7820,7,27,kitsu:43882,21124,0.839769184589386,2025-12-28 04:25:10.618413+01
6e2f572f-66c9-46d1-8aec-7bced65c7820,7,28,ms_review:6169,63080,0.8397571444511414,2025-12-28 04:25:10.618413+01
6e2f572f-66c9-46d1-8aec-7bced65c7820,7,29,ms_hybrid:56931,49026,0.8395826816558838,2025-12-28 04:25:10.618413+01
6e2f572f-66c9-46d1-8aec-7bced65c7820,7,30,ms_hybrid:62063,49802,0.8393829464912415,2025-12-28 04:25:10.618413+01
6e2f572f-66c9-46d1-8aec-7bced65c7820,7,31,kitsu:41650,19619,0.8391645550727844,2025-12-28 04:25:10.618413+01
6e2f572f-66c9-46d1-8aec-7bced65c7820,7,32,ms_review:4381,57582,0.8388755321502686,2025-12-28 04:25:10.618413+01
6e2f572f-66c9-46d1-8aec-7bced65c7820,7,33,ms_review:3724,55534,0.8388673067092896,2025-12-28 04:25:10.618413+01
6e2f572f-66c9-46d1-8aec-7bced65c7820,7,34,kitsu:41239,19344,0.838701605796814,2025-12-28 04:25:10.618413+01
6e2f572f-66c9-46d1-8aec-7bced65c7820,7,35,kitsu:37198,16464,0.8385823369026184,2025-12-28 04:25:10.618413+01
6e2f572f-66c9-46d1-8aec-7bced65c7820,7,36,kitsu:34509,14826,0.8385667204856873,2025-12-28 04:25:10.618413+01
6e2f572f-66c9-46d1-8aec-7bced65c7820,7,37,ms_review:3615,55184,0.8383736610412598,2025-12-28 04:25:10.618413+01
6e2f572f-66c9-46d1-8aec-7bced65c7820,7,38,ms_review:3911,56127,0.8383136987686157,2025-12-28 04:25:10.618413+01
6e2f572f-66c9-46d1-8aec-7bced65c7820,7,39,kitsu:43065,20569,0.8382660150527954,2025-12-28 04:25:10.618413+01
6e2f572f-66c9-46d1-8aec-7bced65c7820,7,40,ms_review:4390,57614,0.838205099105835,2025-12-28 04:25:10.618413+01
6e2f572f-66c9-46d1-8aec-7bced65c7820,7,41,kitsu:50761,25270,0.8381373882293701,2025-12-28 04:25:10.618413+01
6e2f572f-66c9-46d1-8aec-7bced65c7820,7,42,ms_review:3638,55252,0.8380985856056213,2025-12-28 04:25:10.618413+01
6e2f572f-66c9-46d1-8aec-7bced65c7820,7,43,ms_review:6176,63111,0.8380317091941833,2025-12-28 04:25:10.618413+01
6e2f572f-66c9-46d1-8aec-7bced65c7820,7,44,kitsu:48956,24056,0.8379777669906616,2025-12-28 04:25:10.618413+01
6e2f572f-66c9-46d1-8aec-7bced65c7820,7,45,ms_hybrid:60493,49436,0.8378114700317383,2025-12-28 04:25:10.618413+01
6e2f572f-66c9-46d1-8aec-7bced65c7820,7,46,kitsu:43549,20894,0.8377551436424255,2025-12-28 04:25:10.618413+01
6e2f572f-66c9-46d1-8aec-7bced65c7820,7,47,ms_review:5214,60155,0.837678849697113,2025-12-28 04:25:10.618413+01
6e2f572f-66c9-46d1-8aec-7bced65c7820,7,48,ms_hybrid:54785,48642,0.8373047113418579,2025-12-28 04:25:10.618413+01
6e2f572f-66c9-46d1-8aec-7bced65c7820,7,49,kitsu:30889,13196,0.8372883796691895,2025-12-28 04:25:10.618413+01
6e2f572f-66c9-46d1-8aec-7bced65c7820,7,50,kitsu:21038,7202,0.8371868133544922,2025-12-28 04:25:10.618413+01
6e2f572f-66c9-46d1-8aec-7bced65c7820,8,1,ms_review:3904,56106,0.8592529892921448,2025-12-28 04:30:05.585725+01
6e2f572f-66c9-46d1-8aec-7bced65c7820,8,2,ms_review:5398,60712,0.8591575622558594,2025-12-28 04:30:05.585725+01
6e2f572f-66c9-46d1-8aec-7bced65c7820,8,3,ms_review:4716,58673,0.8590511679649353,2025-12-28 04:30:05.585725+01
6e2f572f-66c9-46d1-8aec-7bced65c7820,8,4,ms_review:3734,55563,0.8545405864715576,2025-12-28 04:30:05.585725+01
6e2f572f-66c9-46d1-8aec-7bced65c7820,8,5,ms_hybrid:37886,46330,0.8540360927581787,2025-12-28 04:30:05.585725+01
6e2f572f-66c9-46d1-8aec-7bced65c7820,8,6,ms_review:4086,56685,0.8535712957382202,2025-12-28 04:30:05.585725+01
6e2f572f-66c9-46d1-8aec-7bced65c7820,8,7,ms_review:3295,54235,0.8531574010848999,2025-12-28 04:30:05.585725+01
6e2f572f-66c9-46d1-8aec-7bced65c7820,8,8,ms_review:3392,54513,0.8513226509094238,2025-12-28 04:30:05.585725+01
6e2f572f-66c9-46d1-8aec-7bced65c7820,8,9,ms_review:3852,55949,0.8511461615562439,2025-12-28 04:25:10.646118+01
6e2f572f-66c9-46d1-8aec-7bced65c7820,8,10,ms_review:4526,58044,0.851103663444519,2025-12-28 04:25:10.646118+01
6e2f572f-66c9-46d1-8aec-7bced65c7820,8,11,ms_review:3636,55247,0.8509870171546936,2025-12-28 04:25:10.646118+01
6e2f572f-66c9-46d1-8aec-7bced65c7820,8,12,ms_review:3871,56002,0.850857138633728,2025-12-28 04:25:10.646118+01
6e2f572f-66c9-46d1-8aec-7bced65c7820,8,13,ms_review:4770,58823,0.8507734537124634,2025-12-28 04:25:10.646118+01
6e2f572f-66c9-46d1-8aec-7bced65c7820,8,14,ms_review:4053,56578,0.8507254123687744,2025-12-28 04:25:10.646118+01
6e2f572f-66c9-46d1-8aec-7bced65c7820,8,15,ms_review:5302,60423,0.8504891395568848,2025-12-28 04:25:10.646118+01
6e2f572f-66c9-46d1-8aec-7bced65c7820,8,16,ms_review:3724,55534,0.8495616912841797,2025-12-28 04:25:10.646118+01
6e2f572f-66c9-46d1-8aec-7bced65c7820,8,17,ms_review:4219,57103,0.8487480878829956,2025-12-28 04:25:10.646118+01
6e2f572f-66c9-46d1-8aec-7bced65c7820,8,18,ms_review:4414,57696,0.8483554720878601,2025-12-28 04:25:10.646118+01
6e2f572f-66c9-46d1-8aec-7bced65c7820,8,19,ms_review:5912,62318,0.8480252623558044,2025-12-28 04:25:10.646118+01
6e2f572f-66c9-46d1-8aec-7bced65c7820,8,20,ms_review:5388,60676,0.8480002880096436,2025-12-28 04:25:10.646118+01
6e2f572f-66c9-46d1-8aec-7bced65c7820,8,21,ms_review:3731,55552,0.847847580909729,2025-12-28 04:25:10.646118+01
6e2f572f-66c9-46d1-8aec-7bced65c7820,8,22,ms_review:5733,61768,0.8475966453552246,2025-12-28 04:25:10.646118+01
6e2f572f-66c9-46d1-8aec-7bced65c7820,8,23,ms_review:4170,56927,0.8475528955459595,2025-12-28 04:25:10.646118+01
6e2f572f-66c9-46d1-8aec-7bced65c7820,8,24,ms_review:4970,59405,0.8474936485290527,2025-12-28 04:25:10.646118+01
6e2f572f-66c9-46d1-8aec-7bced65c7820,8,25,ms_review:3652,55304,0.8472568988800049,2025-12-28 04:25:10.646118+01
6e2f572f-66c9-46d1-8aec-7bced65c7820,8,26,ms_review:5160,59982,0.8469206690788269,2025-12-28 04:25:10.646118+01
6e2f572f-66c9-46d1-8aec-7bced65c7820,8,27,ms_review:4818,58949,0.8468145728111267,2025-12-28 04:25:10.646118+01
6e2f572f-66c9-46d1-8aec-7bced65c7820,8,28,ms_review:3446,54688,0.8467390537261963,2025-12-28 04:25:10.646118+01
6e2f572f-66c9-46d1-8aec-7bced65c7820,8,29,ms_review:5112,59832,0.8466231822967529,2025-12-28 04:25:10.646118+01
6e2f572f-66c9-46d1-8aec-7bced65c7820,8,30,ms_review:4507,57991,0.8465242385864258,2025-12-28 04:25:10.646118+01
6e2f572f-66c9-46d1-8aec-7bced65c7820,8,31,ms_review:3252,54102,0.8464149236679077,2025-12-28 04:25:10.646118+01
6e2f572f-66c9-46d1-8aec-7bced65c7820,8,32,ms_review:4039,56537,0.8457761406898499,2025-12-28 04:25:10.646118+01
6e2f572f-66c9-46d1-8aec-7bced65c7820,8,33,ms_review:5591,61310,0.8457612991333008,2025-12-28 04:25:10.646118+01
6e2f572f-66c9-46d1-8aec-7bced65c7820,8,34,ms_review:4364,57529,0.845746636390686,2025-12-28 04:25:10.646118+01
6e2f572f-66c9-46d1-8aec-7bced65c7820,8,35,ms_review:3940,56227,0.8457208871841431,2025-12-28 04:25:10.646118+01
6e2f572f-66c9-46d1-8aec-7bced65c7820,8,36,ms_review:6127,62945,0.8456467390060425,2025-12-28 04:25:10.646118+01
6e2f572f-66c9-46d1-8aec-7bced65c7820,8,37,ms_review:4764,58808,0.8456321954727173,2025-12-28 04:25:10.646118+01
6e2f572f-66c9-46d1-8aec-7bced65c7820,8,38,ms_review:4289,57297,0.8454717397689819,2025-12-28 04:25:10.646118+01
6e2f572f-66c9-46d1-8aec-7bced65c7820,8,39,ms_review:6251,63344,0.8452014923095703,2025-12-28 04:25:10.646118+01
6e2f572f-66c9-46d1-8aec-7bced65c7820,8,40,ms_review:4565,58180,0.8451318144798279,2025-12-28 04:25:10.646118+01
6e2f572f-66c9-46d1-8aec-7bced65c7820,8,41,ms_review:4062,56611,0.8449620008468628,2025-12-28 04:25:10.646118+01
6e2f572f-66c9-46d1-8aec-7bced65c7820,8,42,ms_review:3701,55459,0.8449620008468628,2025-12-28 04:25:10.646118+01
6e2f572f-66c9-46d1-8aec-7bced65c7820,8,43,ms_review:5091,59773,0.8448717594146729,2025-12-28 04:25:10.646118+01
6e2f572f-66c9-46d1-8aec-7bced65c7820,8,44,ms_review:4344,57463,0.8448413610458374,2025-12-28 04:25:10.646118+01
6e2f572f-66c9-46d1-8aec-7bced65c7820,8,45,ms_review:5462,60921,0.8447758555412292,2025-12-28 04:25:10.646118+01
6e2f572f-66c9-46d1-8aec-7bced65c7820,8,46,ms_hybrid:42123,46741,0.8446768522262573,2025-12-28 04:25:10.646118+01
6e2f572f-66c9-46d1-8aec-7bced65c7820,8,47,ms_review:6286,63457,0.8446618318557739,2025-12-28 04:25:10.646118+01
6e2f572f-66c9-46d1-8aec-7bced65c7820,8,48,ms_review:5755,61841,0.8445638418197632,2025-12-28 04:25:10.646118+01
6e2f572f-66c9-46d1-8aec-7bced65c7820,8,49,ms_hybrid:72640,52146,0.8445558547973633,2025-12-28 04:25:10.646118+01
6e2f572f-66c9-46d1-8aec-7bced65c7820,8,50,ms_review:4640,58428,0.8445467352867126,2025-12-28 04:25:10.646118+01
6e2f572f-66c9-46d1-8aec-7bced65c7820,9,1,ms_review:5204,60125,0.8632017374038696,2025-12-28 04:30:05.605743+01
6e2f572f-66c9-46d1-8aec-7bced65c7820,9,2,ms_review:4971,59409,0.8615603446960449,2025-12-28 04:30:05.605743+01
6e2f572f-66c9-46d1-8aec-7bced65c7820,9,3,ms_review:5978,62511,0.860171914100647,2025-12-28 04:30:05.605743+01
6e2f572f-66c9-46d1-8aec-7bced65c7820,9,4,ms_review:4826,58974,0.8554543256759644,2025-12-28 04:30:05.605743+01
6e2f572f-66c9-46d1-8aec-7bced65c7820,9,5,kitsu:7951,42235,0.8554427027702332,2025-12-28 04:30:05.605743+01
6e2f572f-66c9-46d1-8aec-7bced65c7820,9,6,kitsu:38612,17370,0.8553008437156677,2025-12-28 04:30:05.605743+01
6e2f572f-66c9-46d1-8aec-7bced65c7820,9,7,kitsu:45145,21792,0.8549625873565674,2025-12-28 04:30:05.605743+01
6e2f572f-66c9-46d1-8aec-7bced65c7820,9,8,kitsu:37882,16844,0.854745090007782,2025-12-28 04:30:05.605743+01
6e2f572f-66c9-46d1-8aec-7bced65c7820,9,9,kitsu:52485,26376,0.8545616865158081,2025-12-28 04:25:10.670441+01
6e2f572f-66c9-46d1-8aec-7bced65c7820,9,10,ms_review:5112,59832,0.8544256091117859,2025-12-28 04:25:10.670441+01
6e2f572f-66c9-46d1-8aec-7bced65c7820,9,11,ms_review:3918,56144,0.8544225692749023,2025-12-28 04:25:10.670441+01
6e2f572f-66c9-46d1-8aec-7bced65c7820,9,12,kitsu:31873,13616,0.854346752166748,2025-12-28 04:25:10.670441+01
6e2f572f-66c9-46d1-8aec-7bced65c7820,9,13,kitsu:23192,8698,0.8541730642318726,2025-12-28 04:25:10.670441+01
6e2f572f-66c9-46d1-8aec-7bced65c7820,9,14,kitsu:26920,11466,0.8539242148399353,2025-12-28 04:25:10.670441+01
6e2f572f-66c9-46d1-8aec-7bced65c7820,9,15,kitsu:50708,25240,0.8537150621414185,2025-12-28 04:25:10.670441+01
6e2f572f-66c9-46d1-8aec-7bced65c7820,9,16,kitsu:51952,26048,0.8533593416213989,2025-12-28 04:25:10.670441+01
6e2f572f-66c9-46d1-8aec-7bced65c7820,9,17,kitsu:49377,24370,0.8533593416213989,2025-12-28 04:25:10.670441+01
6e2f572f-66c9-46d1-8aec-7bced65c7820,9,18,ms_review:3880,56034,0.8532397150993347,2025-12-28 04:25:10.670441+01
6e2f572f-66c9-46d1-8aec-7bced65c7820,9,19,ms_review:3873,56009,0.8532396554946899,2025-12-28 04:25:10.670441+01
6e2f572f-66c9-46d1-8aec-7bced65c7820,9,20,kitsu:42908,20444,0.8532078266143799,2025-12-28 04:25:10.670441+01
6e2f572f-66c9-46d1-8aec-7bced65c7820,9,21,ms_review:4514,58013,0.8528376817703247,2025-12-28 04:25:10.670441+01
6e2f572f-66c9-46d1-8aec-7bced65c7820,9,22,kitsu:8035,42305,0.8527777791023254,2025-12-28 04:25:10.670441+01
6e2f572f-66c9-46d1-8aec-7bced65c7820,9,23,ms_review:4540,58090,0.8527761697769165,2025-12-28 04:25:10.670441+01
6e2f572f-66c9-46d1-8aec-7bced65c7820,9,24,kitsu:34850,14994,0.8526178598403931,2025-12-28 04:25:10.670441+01
6e2f572f-66c9-46d1-8aec-7bced65c7820,9,25,ms_review:3366,54431,0.8525569438934326,2025-12-28 04:25:10.670441+01
6e2f572f-66c9-46d1-8aec-7bced65c7820,9,26,kitsu:52631,26455,0.8524781465530396,2025-12-28 04:25:10.670441+01
6e2f572f-66c9-46d1-8aec-7bced65c7820,9,27,ms_review:3286,54205,0.8524131774902344,2025-12-28 04:25:10.670441+01
6e2f572f-66c9-46d1-8aec-7bced65c7820,9,28,ms_review:4471,57881,0.8522764444351196,2025-12-28 04:25:10.670441+01
6e2f572f-66c9-46d1-8aec-7bced65c7820,9,29,kitsu:46299,22491,0.8521231412887573,2025-12-28 04:25:10.670441+01
6e2f572f-66c9-46d1-8aec-7bced65c7820,9,30,kitsu:32114,13704,0.8520224094390869,2025-12-28 04:25:10.670441+01
6e2f572f-66c9-46d1-8aec-7bced65c7820,9,31,kitsu:18585,5522,0.8518984317779541,2025-12-28 04:25:10.670441+01
6e2f572f-66c9-46d1-8aec-7bced65c7820,9,32,ms_review:3826,55872,0.8518165349960327,2025-12-28 04:25:10.670441+01
6e2f572f-66c9-46d1-8aec-7bced65c7820,9,33,ms_review:4628,58394,0.85166335105896,2025-12-28 04:25:10.670441+01
6e2f572f-66c9-46d1-8aec-7bced65c7820,9,34,kitsu:44928,21676,0.8516372442245483,2025-12-28 04:25:10.670441+01
6e2f572f-66c9-46d1-8aec-7bced65c7820,9,35,kitsu:51119,25508,0.8515094518661499,2025-12-28 04:25:10.670441+01
6e2f572f-66c9-46d1-8aec-7bced65c7820,9,36,ms_review:4031,56512,0.8514986038208008,2025-12-28 04:25:10.670441+01
6e2f572f-66c9-46d1-8aec-7bced65c7820,9,37,ms_review:4767,58816,0.8514755368232727,2025-12-28 04:25:10.670441+01
6e2f572f-66c9-46d1-8aec-7bced65c7820,9,38,kitsu:20214,6594,0.851364016532898,2025-12-28 04:25:10.670441+01
6e2f572f-66c9-46d1-8aec-7bced65c7820,9,39,ms_hybrid:48655,47575,0.8513408899307251,2025-12-28 04:25:10.670441+01
6e2f572f-66c9-46d1-8aec-7bced65c7820,9,40,kitsu:70847,38332,0.8512073159217834,2025-12-28 04:25:10.670441+01
6e2f572f-66c9-46d1-8aec-7bced65c7820,9,41,kitsu:38713,17449,0.8511925339698792,2025-12-28 04:25:10.670441+01
6e2f572f-66c9-46d1-8aec-7bced65c7820,9,42,kitsu:49306,24323,0.8511444330215454,2025-12-28 04:25:10.670441+01
6e2f572f-66c9-46d1-8aec-7bced65c7820,9,43,kitsu:33211,14229,0.8510503768920898,2025-12-28 04:25:10.670441+01
6e2f572f-66c9-46d1-8aec-7bced65c7820,9,44,kitsu:46757,22698,0.8509711027145386,2025-12-28 04:25:10.670441+01
6e2f572f-66c9-46d1-8aec-7bced65c7820,9,45,kitsu:30563,13078,0.8508888483047485,2025-12-28 04:25:10.670441+01
6e2f572f-66c9-46d1-8aec-7bced65c7820,9,46,ms_review:3288,54211,0.8508755564689636,2025-12-28 04:25:10.670441+01
6e2f572f-66c9-46d1-8aec-7bced65c7820,9,47,ms_hybrid:62748,49975,0.8508430123329163,2025-12-28 04:25:10.670441+01
6e2f572f-66c9-46d1-8aec-7bced65c7820,9,48,kitsu:31017,13238,0.8508097529411316,2025-12-28 04:25:10.670441+01
6e2f572f-66c9-46d1-8aec-7bced65c7820,9,49,kitsu:45920,22278,0.850713312625885,2025-12-28 04:25:10.670441+01
6e2f572f-66c9-46d1-8aec-7bced65c7820,9,50,kitsu:46797,22723,0.8505859375,2025-12-28 04:25:10.670441+01
6e2f572f-66c9-46d1-8aec-7bced65c7820,10,1,kitsu:71597,38822,0.873896598815918,2025-12-28 04:30:05.62424+01
6e2f572f-66c9-46d1-8aec-7bced65c7820,10,2,kitsu:51698,25889,0.8700410723686218,2025-12-28 04:30:05.62424+01
6e2f572f-66c9-46d1-8aec-7bced65c7820,10,3,kitsu:29367,12674,0.8670740723609924,2025-12-28 04:30:05.62424+01
6e2f572f-66c9-46d1-8aec-7bced65c7820,10,4,kitsu:1206,1269,0.8663126230239868,2025-12-28 04:30:05.62424+01
6e2f572f-66c9-46d1-8aec-7bced65c7820,10,5,ms_review:4058,56595,0.8656651973724365,2025-12-28 04:30:05.62424+01
6e2f572f-66c9-46d1-8aec-7bced65c7820,10,6,kitsu:48219,23547,0.8640205264091492,2025-12-28 04:30:05.62424+01
6e2f572f-66c9-46d1-8aec-7bced65c7820,10,7,kitsu:69824,37700,0.8639006614685059,2025-12-28 04:30:05.62424+01
6e2f572f-66c9-46d1-8aec-7bced65c7820,10,8,kitsu:48952,24055,0.8631848692893982,2025-12-28 04:30:05.62424+01
6e2f572f-66c9-46d1-8aec-7bced65c7820,10,9,kitsu:20632,6884,0.8631370067596436,2025-12-28 04:25:10.699754+01
6e2f572f-66c9-46d1-8aec-7bced65c7820,10,10,ms_hybrid:7362,52273,0.8628038763999939,2025-12-28 04:25:10.699754+01
6e2f572f-66c9-46d1-8aec-7bced65c7820,10,11,kitsu:51700,25892,0.861943244934082,2025-12-28 04:25:10.699754+01
6e2f572f-66c9-46d1-8aec-7bced65c7820,10,12,kitsu:15735,3710,0.8616166114807129,2025-12-28 04:25:10.699754+01
6e2f572f-66c9-46d1-8aec-7bced65c7820,10,13,kitsu:68888,37090,0.860986590385437,2025-12-28 04:25:10.699754+01
6e2f572f-66c9-46d1-8aec-7bced65c7820,10,14,kitsu:52983,26664,0.8607559204101562,2025-12-28 04:25:10.699754+01
6e2f572f-66c9-46d1-8aec-7bced65c7820,10,15,kitsu:16276,4101,0.8607221841812134,2025-12-28 04:25:10.699754+01
6e2f572f-66c9-46d1-8aec-7bced65c7820,10,16,kitsu:53681,27074,0.8605397939682007,2025-12-28 04:25:10.699754+01
6e2f572f-66c9-46d1-8aec-7bced65c7820,10,17,kitsu:21696,7672,0.8600314855575562,2025-12-28 04:25:10.699754+01
6e2f572f-66c9-46d1-8aec-7bced65c7820,10,18,kitsu:10396,290,0.859731912612915,2025-12-28 04:25:10.699754+01
6e2f572f-66c9-46d1-8aec-7bced65c7820,10,19,kitsu:37105,16405,0.8594514727592468,2025-12-28 04:25:10.699754+01
6e2f572f-66c9-46d1-8aec-7bced65c7820,10,20,kitsu:66753,35793,0.8594434261322021,2025-12-28 04:25:10.699754+01
6e2f572f-66c9-46d1-8aec-7bced65c7820,10,21,kitsu:38986,17685,0.8592883348464966,2025-12-28 04:25:10.699754+01
6e2f572f-66c9-46d1-8aec-7bced65c7820,10,22,kitsu:65974,35350,0.8588316440582275,2025-12-28 04:25:10.699754+01
6e2f572f-66c9-46d1-8aec-7bced65c7820,10,23,kitsu:37117,16414,0.8587121367454529,2025-12-28 04:25:10.699754+01
6e2f572f-66c9-46d1-8aec-7bced65c7820,10,24,kitsu:51796,25960,0.8584450483322144,2025-12-28 04:25:10.699754+01
6e2f572f-66c9-46d1-8aec-7bced65c7820,10,25,kitsu:67873,36464,0.8583189249038696,2025-12-28 04:25:10.699754+01
6e2f572f-66c9-46d1-8aec-7bced65c7820,10,26,kitsu:69522,37484,0.8580721616744995,2025-12-28 04:25:10.699754+01
6e2f572f-66c9-46d1-8aec-7bced65c7820,10,27,kitsu:56365,29209,0.8579907417297363,2025-12-28 04:25:10.699754+01
6e2f572f-66c9-46d1-8aec-7bced65c7820,10,28,kitsu:65225,34899,0.8576574325561523,2025-12-28 04:25:10.699754+01
6e2f572f-66c9-46d1-8aec-7bced65c7820,10,29,kitsu:72595,39486,0.8576568365097046,2025-12-28 04:25:10.699754+01
6e2f572f-66c9-46d1-8aec-7bced65c7820,10,30,kitsu:37696,16709,0.8571102619171143,2025-12-28 04:25:10.699754+01
6e2f572f-66c9-46d1-8aec-7bced65c7820,10,31,kitsu:16239,4072,0.8570904731750488,2025-12-28 04:25:10.699754+01
6e2f572f-66c9-46d1-8aec-7bced65c7820,10,32,kitsu:47365,23048,0.8570156693458557,2025-12-28 04:25:10.699754+01
6e2f572f-66c9-46d1-8aec-7bced65c7820,10,33,kitsu:32846,14045,0.856399416923523,2025-12-28 04:25:10.699754+01
6e2f572f-66c9-46d1-8aec-7bced65c7820,10,34,kitsu:67325,36131,0.8563470244407654,2025-12-28 04:25:10.699754+01
6e2f572f-66c9-46d1-8aec-7bced65c7820,10,35,kitsu:927,43240,0.8563296794891357,2025-12-28 04:25:10.699754+01
6e2f572f-66c9-46d1-8aec-7bced65c7820,10,36,kitsu:48271,23581,0.8561686873435974,2025-12-28 04:25:10.699754+01
6e2f572f-66c9-46d1-8aec-7bced65c7820,10,37,kitsu:52397,26325,0.8561322689056396,2025-12-28 04:25:10.699754+01
6e2f572f-66c9-46d1-8aec-7bced65c7820,10,38,kitsu:54644,27768,0.8560523986816406,2025-12-28 04:25:10.699754+01
6e2f572f-66c9-46d1-8aec-7bced65c7820,10,39,kitsu:55338,28357,0.8559674024581909,2025-12-28 04:25:10.699754+01
6e2f572f-66c9-46d1-8aec-7bced65c7820,10,40,kitsu:39731,18210,0.855894148349762,2025-12-28 04:25:10.699754+01
6e2f572f-66c9-46d1-8aec-7bced65c7820,10,41,kitsu:50761,25270,0.8558838367462158,2025-12-28 04:25:10.699754+01
6e2f572f-66c9-46d1-8aec-7bced65c7820,10,42,kitsu:70845,38331,0.8556339740753174,2025-12-28 04:25:10.699754+01
6e2f572f-66c9-46d1-8aec-7bced65c7820,10,43,kitsu:67169,36042,0.8552676439285278,2025-12-28 04:25:10.699754+01
6e2f572f-66c9-46d1-8aec-7bced65c7820,10,44,kitsu:21992,7894,0.8552166819572449,2025-12-28 04:25:10.699754+01
6e2f572f-66c9-46d1-8aec-7bced65c7820,10,45,kitsu:12872,1678,0.8549988269805908,2025-12-28 04:25:10.699754+01
6e2f572f-66c9-46d1-8aec-7bced65c7820,10,46,kitsu:68871,37077,0.8547797203063965,2025-12-28 04:25:10.699754+01
6e2f572f-66c9-46d1-8aec-7bced65c7820,10,47,kitsu:68870,37076,0.8547797203063965,2025-12-28 04:25:10.699754+01
6e2f572f-66c9-46d1-8aec-7bced65c7820,10,48,kitsu:51837,25983,0.8545340299606323,2025-12-28 04:25:10.699754+01
6e2f572f-66c9-46d1-8aec-7bced65c7820,10,49,kitsu:50313,24975,0.8544440269470215,2025-12-28 04:25:10.699754+01
6e2f572f-66c9-46d1-8aec-7bced65c7820,10,50,kitsu:65793,35244,0.8542938828468323,2025-12-28 04:25:10.699754+01
6e2f572f-66c9-46d1-8aec-7bced65c7820,11,1,ms_review:5160,59982,0.8840566873550415,2025-12-28 04:30:05.64304+01
6e2f572f-66c9-46d1-8aec-7bced65c7820,11,2,ms_review:3940,56227,0.8729115724563599,2025-12-28 04:30:05.64304+01
6e2f572f-66c9-46d1-8aec-7bced65c7820,11,3,kitsu:19717,6224,0.8700766563415527,2025-12-28 04:30:05.64304+01
6e2f572f-66c9-46d1-8aec-7bced65c7820,11,4,ms_review:4032,56520,0.8690558671951294,2025-12-28 04:30:05.64304+01
6e2f572f-66c9-46d1-8aec-7bced65c7820,11,5,ms_review:5299,60416,0.8687546253204346,2025-12-28 04:30:05.64304+01
6e2f572f-66c9-46d1-8aec-7bced65c7820,11,6,ms_review:3320,54300,0.865249514579773,2025-12-28 04:30:05.64304+01
6e2f572f-66c9-46d1-8aec-7bced65c7820,11,7,ms_review:4540,58091,0.8650535941123962,2025-12-28 04:30:05.64304+01
6e2f572f-66c9-46d1-8aec-7bced65c7820,11,8,ms_review:6170,63090,0.8643413782119751,2025-12-28 04:30:05.64304+01
6e2f572f-66c9-46d1-8aec-7bced65c7820,11,9,ms_review:4471,57881,0.8641735315322876,2025-12-28 04:25:10.732683+01
6e2f572f-66c9-46d1-8aec-7bced65c7820,11,10,ms_review:4971,59409,0.8636711239814758,2025-12-28 04:25:10.732683+01
6e2f572f-66c9-46d1-8aec-7bced65c7820,11,11,ms_review:4502,57974,0.8633860945701599,2025-12-28 04:25:10.732683+01
6e2f572f-66c9-46d1-8aec-7bced65c7820,11,12,ms_review:4501,57972,0.8633860945701599,2025-12-28 04:25:10.732683+01
6e2f572f-66c9-46d1-8aec-7bced65c7820,11,13,ms_hybrid:48422,47560,0.8633609414100647,2025-12-28 04:25:10.732683+01
6e2f572f-66c9-46d1-8aec-7bced65c7820,11,14,ms_review:4221,57112,0.8633119463920593,2025-12-28 04:25:10.732683+01
6e2f572f-66c9-46d1-8aec-7bced65c7820,11,15,ms_review:4812,58933,0.8630540370941162,2025-12-28 04:25:10.732683+01
6e2f572f-66c9-46d1-8aec-7bced65c7820,11,16,ms_review:4970,59405,0.862907886505127,2025-12-28 04:25:10.732683+01
6e2f572f-66c9-46d1-8aec-7bced65c7820,11,17,kitsu:51168,25542,0.862701416015625,2025-12-28 04:25:10.732683+01
6e2f572f-66c9-46d1-8aec-7bced65c7820,11,18,ms_review:3491,54829,0.8626436591148376,2025-12-28 04:25:10.732683+01
6e2f572f-66c9-46d1-8aec-7bced65c7820,11,19,ms_review:4620,58369,0.8621359467506409,2025-12-28 04:25:10.732683+01
6e2f572f-66c9-46d1-8aec-7bced65c7820,11,20,ms_review:4444,57790,0.8619382381439209,2025-12-28 04:25:10.732683+01
6e2f572f-66c9-46d1-8aec-7bced65c7820,11,21,ms_review:5641,61476,0.8618993759155273,2025-12-28 04:25:10.732683+01
6e2f572f-66c9-46d1-8aec-7bced65c7820,11,22,ms_review:4585,58253,0.8617687821388245,2025-12-28 04:25:10.732683+01
6e2f572f-66c9-46d1-8aec-7bced65c7820,11,23,ms_review:6265,63392,0.8616472482681274,2025-12-28 04:25:10.732683+01
6e2f572f-66c9-46d1-8aec-7bced65c7820,11,24,kitsu:24986,10068,0.8615995645523071,2025-12-28 04:25:10.732683+01
6e2f572f-66c9-46d1-8aec-7bced65c7820,11,25,ms_review:6286,63457,0.8611170053482056,2025-12-28 04:25:10.732683+01
6e2f572f-66c9-46d1-8aec-7bced65c7820,11,26,kitsu:38979,17679,0.8610794544219971,2025-12-28 04:25:10.732683+01
6e2f572f-66c9-46d1-8aec-7bced65c7820,11,27,ms_hybrid:65511,50455,0.8610577583312988,2025-12-28 04:25:10.732683+01
6e2f572f-66c9-46d1-8aec-7bced65c7820,11,28,kitsu:31281,13356,0.8610175848007202,2025-12-28 04:25:10.732683+01
6e2f572f-66c9-46d1-8aec-7bced65c7820,11,29,ms_review:3724,55534,0.8607940673828125,2025-12-28 04:25:10.732683+01
6e2f572f-66c9-46d1-8aec-7bced65c7820,11,30,ms_review:4679,58555,0.8607337474822998,2025-12-28 04:25:10.732683+01
6e2f572f-66c9-46d1-8aec-7bced65c7820,11,31,ms_review:5139,59915,0.8605204224586487,2025-12-28 04:25:10.732683+01
6e2f572f-66c9-46d1-8aec-7bced65c7820,11,32,ms_review:5841,62096,0.8604676723480225,2025-12-28 04:25:10.732683+01
6e2f572f-66c9-46d1-8aec-7bced65c7820,11,33,ms_review:5506,61048,0.8600460290908813,2025-12-28 04:25:10.732683+01
6e2f572f-66c9-46d1-8aec-7bced65c7820,11,34,kitsu:34117,14619,0.8598477244377136,2025-12-28 04:25:10.732683+01
6e2f572f-66c9-46d1-8aec-7bced65c7820,11,35,ms_review:4514,58013,0.8596322536468506,2025-12-28 04:25:10.732683+01
6e2f572f-66c9-46d1-8aec-7bced65c7820,11,36,ms_review:4589,58272,0.859538197517395,2025-12-28 04:25:10.732683+01
6e2f572f-66c9-46d1-8aec-7bced65c7820,11,37,ms_review:4585,58254,0.8591952323913574,2025-12-28 04:25:10.732683+01
6e2f572f-66c9-46d1-8aec-7bced65c7820,11,38,kitsu:44482,21444,0.859189510345459,2025-12-28 04:25:10.732683+01
6e2f572f-66c9-46d1-8aec-7bced65c7820,11,39,ms_review:4950,59336,0.8590066432952881,2025-12-28 04:25:10.732683+01
6e2f572f-66c9-46d1-8aec-7bced65c7820,11,40,ms_review:6046,62705,0.8590061068534851,2025-12-28 04:25:10.732683+01
6e2f572f-66c9-46d1-8aec-7bced65c7820,11,41,kitsu:42090,19921,0.8587816953659058,2025-12-28 04:25:10.732683+01
6e2f572f-66c9-46d1-8aec-7bced65c7820,11,42,kitsu:52485,26376,0.8584784269332886,2025-12-28 04:25:10.732683+01
6e2f572f-66c9-46d1-8aec-7bced65c7820,11,43,ms_review:3918,56144,0.858447790145874,2025-12-28 04:25:10.732683+01
6e2f572f-66c9-46d1-8aec-7bced65c7820,11,44,ms_review:4560,58160,0.8583993911743164,2025-12-28 04:25:10.732683+01
6e2f572f-66c9-46d1-8aec-7bced65c7820,11,45,kitsu:44086,21245,0.8581746220588684,2025-12-28 04:25:10.732683+01
6e2f572f-66c9-46d1-8aec-7bced65c7820,11,46,ms_review:4120,56788,0.8579327464103699,2025-12-28 04:25:10.732683+01
6e2f572f-66c9-46d1-8aec-7bced65c7820,11,47,ms_hybrid:69486,51352,0.8579051494598389,2025-12-28 04:25:10.732683+01
6e2f572f-66c9-46d1-8aec-7bced65c7820,11,48,ms_review:3652,55304,0.8578231334686279,2025-12-28 04:25:10.732683+01
6e2f572f-66c9-46d1-8aec-7bced65c7820,11,49,kitsu:34871,15003,0.8577206134796143,2025-12-28 04:25:10.732683+01
6e2f572f-66c9-46d1-8aec-7bced65c7820,11,50,kitsu:43482,20850,0.8577181100845337,2025-12-28 04:25:10.732683+01
6e2f572f-66c9-46d1-8aec-7bced65c7820,12,1,ms_review:5087,59756,0.8749611377716064,2025-12-28 04:30:05.662547+01
6e2f572f-66c9-46d1-8aec-7bced65c7820,12,2,ms_review:3871,56002,0.873666524887085,2025-12-28 04:30:05.662547+01
6e2f572f-66c9-46d1-8aec-7bced65c7820,12,3,ms_hybrid:56591,48933,0.8708841800689697,2025-12-28 04:30:05.662547+01
6e2f572f-66c9-46d1-8aec-7bced65c7820,12,4,ms_hybrid:76891,52647,0.8703141212463379,2025-12-28 04:30:05.662547+01
6e2f572f-66c9-46d1-8aec-7bced65c7820,12,5,ms_review:4923,59263,0.8691703081130981,2025-12-28 04:30:05.662547+01
6e2f572f-66c9-46d1-8aec-7bced65c7820,12,6,ms_review:5247,60264,0.8689786195755005,2025-12-28 04:30:05.662547+01
6e2f572f-66c9-46d1-8aec-7bced65c7820,12,7,ms_review:5912,62318,0.8685638308525085,2025-12-28 04:30:05.662547+01
6e2f572f-66c9-46d1-8aec-7bced65c7820,12,8,kitsu:33068,14154,0.8666186332702637,2025-12-28 04:30:05.662547+01
6e2f572f-66c9-46d1-8aec-7bced65c7820,12,9,ms_hybrid:58580,49189,0.8665578365325928,2025-12-28 04:25:10.758953+01
6e2f572f-66c9-46d1-8aec-7bced65c7820,12,10,ms_review:4819,58951,0.8664635419845581,2025-12-28 04:25:10.758953+01
6e2f572f-66c9-46d1-8aec-7bced65c7820,12,11,ms_review:5098,59794,0.8663429021835327,2025-12-28 04:25:10.758953+01
6e2f572f-66c9-46d1-8aec-7bced65c7820,12,12,ms_review:6083,62813,0.8662351369857788,2025-12-28 04:25:10.758953+01
6e2f572f-66c9-46d1-8aec-7bced65c7820,12,13,kitsu:20158,6549,0.8662092685699463,2025-12-28 04:25:10.758953+01
6e2f572f-66c9-46d1-8aec-7bced65c7820,12,14,ms_review:5113,59834,0.8660980463027954,2025-12-28 04:25:10.758953+01
6e2f572f-66c9-46d1-8aec-7bced65c7820,12,15,ms_hybrid:76891,52648,0.8660494089126587,2025-12-28 04:25:10.758953+01
6e2f572f-66c9-46d1-8aec-7bced65c7820,12,16,kitsu:18889,5685,0.8659591674804688,2025-12-28 04:25:10.758953+01
6e2f572f-66c9-46d1-8aec-7bced65c7820,12,17,ms_hybrid:9041,53462,0.8655869364738464,2025-12-28 04:25:10.758953+01
6e2f572f-66c9-46d1-8aec-7bced65c7820,12,18,ms_review:4294,57312,0.8654677867889404,2025-12-28 04:25:10.758953+01
6e2f572f-66c9-46d1-8aec-7bced65c7820,12,19,ms_review:5612,61389,0.8654137849807739,2025-12-28 04:25:10.758953+01
6e2f572f-66c9-46d1-8aec-7bced65c7820,12,20,ms_review:4799,58900,0.865380048751831,2025-12-28 04:25:10.758953+01
6e2f572f-66c9-46d1-8aec-7bced65c7820,12,21,ms_review:5105,59813,0.8651026487350464,2025-12-28 04:25:10.758953+01
6e2f572f-66c9-46d1-8aec-7bced65c7820,12,22,ms_review:4020,56474,0.8649564385414124,2025-12-28 04:25:10.758953+01
6e2f572f-66c9-46d1-8aec-7bced65c7820,12,23,ms_review:3298,54242,0.8646115660667419,2025-12-28 04:25:10.758953+01
6e2f572f-66c9-46d1-8aec-7bced65c7820,12,24,ms_review:4462,57848,0.8643632531166077,2025-12-28 04:25:10.758953+01
6e2f572f-66c9-46d1-8aec-7bced65c7820,12,25,ms_review:3716,55508,0.8639854192733765,2025-12-28 04:25:10.758953+01
6e2f572f-66c9-46d1-8aec-7bced65c7820,12,26,ms_hybrid:54738,48637,0.8639791011810303,2025-12-28 04:25:10.758953+01
6e2f572f-66c9-46d1-8aec-7bced65c7820,12,27,ms_review:3396,54523,0.8638589382171631,2025-12-28 04:25:10.758953+01
6e2f572f-66c9-46d1-8aec-7bced65c7820,12,28,ms_review:3636,55247,0.8636388778686523,2025-12-28 04:25:10.758953+01
6e2f572f-66c9-46d1-8aec-7bced65c7820,12,29,ms_review:4471,57881,0.8635916113853455,2025-12-28 04:25:10.758953+01
6e2f572f-66c9-46d1-8aec-7bced65c7820,12,30,ms_review:5266,60321,0.863512396812439,2025-12-28 04:25:10.758953+01
6e2f572f-66c9-46d1-8aec-7bced65c7820,12,31,ms_review:5599,61338,0.863357663154602,2025-12-28 04:25:10.758953+01
6e2f572f-66c9-46d1-8aec-7bced65c7820,12,32,ms_review:6057,62739,0.8632997274398804,2025-12-28 04:25:10.758953+01
6e2f572f-66c9-46d1-8aec-7bced65c7820,12,33,ms_review:6057,62740,0.8630462288856506,2025-12-28 04:25:10.758953+01
6e2f572f-66c9-46d1-8aec-7bced65c7820,12,34,ms_hybrid:49852,47861,0.8628854155540466,2025-12-28 04:25:10.758953+01
6e2f572f-66c9-46d1-8aec-7bced65c7820,12,35,kitsu:54634,27759,0.861663818359375,2025-12-28 04:25:10.758953+01
6e2f572f-66c9-46d1-8aec-7bced65c7820,12,36,kitsu:37941,16897,0.8612737059593201,2025-12-28 04:25:10.758953+01
6e2f572f-66c9-46d1-8aec-7bced65c7820,12,37,kitsu:10531,399,0.8610266447067261,2025-12-28 04:25:10.758953+01
6e2f572f-66c9-46d1-8aec-7bced65c7820,12,38,ms_review:4465,57862,0.8609292507171631,2025-12-28 04:25:10.758953+01
6e2f572f-66c9-46d1-8aec-7bced65c7820,12,39,ms_hybrid:75176,52491,0.8608664274215698,2025-12-28 04:25:10.758953+01
6e2f572f-66c9-46d1-8aec-7bced65c7820,12,40,kitsu:25487,10436,0.8608453273773193,2025-12-28 04:25:10.758953+01
6e2f572f-66c9-46d1-8aec-7bced65c7820,12,41,ms_review:5605,61362,0.8606739044189453,2025-12-28 04:25:10.758953+01
6e2f572f-66c9-46d1-8aec-7bced65c7820,12,42,kitsu:54636,27761,0.8605434894561768,2025-12-28 04:25:10.758953+01
6e2f572f-66c9-46d1-8aec-7bced65c7820,12,43,ms_review:6148,63002,0.860355019569397,2025-12-28 04:25:10.758953+01
6e2f572f-66c9-46d1-8aec-7bced65c7820,12,44,ms_review:5197,60101,0.8603352308273315,2025-12-28 04:25:10.758953+01
6e2f572f-66c9-46d1-8aec-7bced65c7820,12,45,ms_hybrid:58580,49188,0.8601225018501282,2025-12-28 04:25:10.758953+01
6e2f572f-66c9-46d1-8aec-7bced65c7820,12,46,ms_review:4502,57974,0.8600484132766724,2025-12-28 04:25:10.758953+01
6e2f572f-66c9-46d1-8aec-7bced65c7820,12,47,ms_review:4501,57972,0.8600484132766724,2025-12-28 04:25:10.758953+01
6e2f572f-66c9-46d1-8aec-7bced65c7820,12,48,kitsu:27752,12096,0.8597766757011414,2025-12-28 04:25:10.758953+01
6e2f572f-66c9-46d1-8aec-7bced65c7820,12,49,ms_review:5639,61467,0.8597612380981445,2025-12-28 04:25:10.758953+01
6e2f572f-66c9-46d1-8aec-7bced65c7820,12,50,ms_hybrid:54738,48636,0.859707772731781,2025-12-28 04:25:10.758953+01
bac7e306-583c-4db8-afd5-0d35d3964e08,1,1,ms_review:4542,58096,0.6756053566932678,2025-12-28 04:29:59.133204+01
bac7e306-583c-4db8-afd5-0d35d3964e08,1,2,ms_hybrid:10547,44049,0.6732610464096069,2025-12-28 04:29:59.133204+01
bac7e306-583c-4db8-afd5-0d35d3964e08,1,3,ms_review:6193,63160,0.6723061203956604,2025-12-28 04:29:59.133204+01
bac7e306-583c-4db8-afd5-0d35d3964e08,1,4,ms_review:5671,61582,0.6544368267059326,2025-12-28 04:29:59.133204+01
bac7e306-583c-4db8-afd5-0d35d3964e08,1,5,ms_hybrid:67621,50977,0.6517214775085449,2025-12-28 04:29:59.133204+01
bac7e306-583c-4db8-afd5-0d35d3964e08,1,6,ms_review:3877,56022,0.6498950719833374,2025-12-28 04:29:59.133204+01
bac7e306-583c-4db8-afd5-0d35d3964e08,1,7,ms_hybrid:50244,47925,0.6473062038421631,2025-12-28 04:29:59.133204+01
bac7e306-583c-4db8-afd5-0d35d3964e08,1,8,ms_review:5234,60217,0.6464998722076416,2025-12-28 04:29:59.133204+01
bac7e306-583c-4db8-afd5-0d35d3964e08,1,9,ms_review:5339,60531,0.64547199010849,2025-12-28 04:25:03.848468+01
bac7e306-583c-4db8-afd5-0d35d3964e08,1,10,ms_hybrid:69456,51340,0.6453661918640137,2025-12-28 04:25:03.848468+01
bac7e306-583c-4db8-afd5-0d35d3964e08,1,11,ms_review:5613,61390,0.643665611743927,2025-12-28 04:25:03.848468+01
bac7e306-583c-4db8-afd5-0d35d3964e08,1,12,ms_review:6212,63221,0.6398842334747314,2025-12-28 04:25:03.848468+01
bac7e306-583c-4db8-afd5-0d35d3964e08,1,13,ms_review:5834,62074,0.6392176151275635,2025-12-28 04:25:03.848468+01
bac7e306-583c-4db8-afd5-0d35d3964e08,1,14,ms_review:5946,62407,0.6375195980072021,2025-12-28 04:25:03.848468+01
bac7e306-583c-4db8-afd5-0d35d3964e08,1,15,ms_hybrid:53082,48404,0.636838436126709,2025-12-28 04:25:03.848468+01
bac7e306-583c-4db8-afd5-0d35d3964e08,1,16,ms_review:4285,57284,0.6361002922058105,2025-12-28 04:25:03.848468+01
bac7e306-583c-4db8-afd5-0d35d3964e08,1,17,ms_review:4719,58677,0.6345870494842529,2025-12-28 04:25:03.848468+01
bac7e306-583c-4db8-afd5-0d35d3964e08,1,18,ms_review:3818,55836,0.634223222732544,2025-12-28 04:25:03.848468+01
bac7e306-583c-4db8-afd5-0d35d3964e08,1,19,ms_review:5531,61120,0.6340105533599854,2025-12-28 04:25:03.848468+01
bac7e306-583c-4db8-afd5-0d35d3964e08,1,20,ms_review:5122,59862,0.6331810355186462,2025-12-28 04:25:03.848468+01
bac7e306-583c-4db8-afd5-0d35d3964e08,1,21,ms_review:4795,58888,0.6321790218353271,2025-12-28 04:25:03.848468+01
bac7e306-583c-4db8-afd5-0d35d3964e08,1,22,ms_review:3301,54249,0.6315791606903076,2025-12-28 04:25:03.848468+01
bac7e306-583c-4db8-afd5-0d35d3964e08,1,23,ms_hybrid:64310,50266,0.6313496232032776,2025-12-28 04:25:03.848468+01
bac7e306-583c-4db8-afd5-0d35d3964e08,1,24,ms_review:4785,58857,0.6310557723045349,2025-12-28 04:25:03.848468+01
bac7e306-583c-4db8-afd5-0d35d3964e08,1,25,ms_review:5705,61679,0.6297352313995361,2025-12-28 04:25:03.848468+01
bac7e306-583c-4db8-afd5-0d35d3964e08,1,26,ms_review:5593,61315,0.6297174692153931,2025-12-28 04:25:03.848468+01
bac7e306-583c-4db8-afd5-0d35d3964e08,1,27,ms_review:4506,57986,0.6294963359832764,2025-12-28 04:25:03.848468+01
bac7e306-583c-4db8-afd5-0d35d3964e08,1,28,ms_review:3723,55529,0.6291722059249878,2025-12-28 04:25:03.848468+01
bac7e306-583c-4db8-afd5-0d35d3964e08,1,29,ms_hybrid:63889,50216,0.6273578405380249,2025-12-28 04:25:03.848468+01
bac7e306-583c-4db8-afd5-0d35d3964e08,1,30,ms_review:4661,58487,0.6271908283233643,2025-12-28 04:25:03.848468+01
bac7e306-583c-4db8-afd5-0d35d3964e08,1,31,ms_review:3745,55603,0.6256703734397888,2025-12-28 04:25:03.848468+01
bac7e306-583c-4db8-afd5-0d35d3964e08,1,32,ms_review:5062,59680,0.6251220703125,2025-12-28 04:25:03.848468+01
bac7e306-583c-4db8-afd5-0d35d3964e08,1,33,ms_hybrid:71407,51812,0.6245912909507751,2025-12-28 04:25:03.848468+01
bac7e306-583c-4db8-afd5-0d35d3964e08,1,34,ms_hybrid:62735,49950,0.6241737604141235,2025-12-28 04:25:03.848468+01
bac7e306-583c-4db8-afd5-0d35d3964e08,1,35,ms_review:4574,58207,0.623591423034668,2025-12-28 04:25:03.848468+01
bac7e306-583c-4db8-afd5-0d35d3964e08,1,36,ms_hybrid:39480,46487,0.6233750581741333,2025-12-28 04:25:03.848468+01
bac7e306-583c-4db8-afd5-0d35d3964e08,1,37,ms_hybrid:60873,49501,0.6224556565284729,2025-12-28 04:25:03.848468+01
bac7e306-583c-4db8-afd5-0d35d3964e08,1,38,ms_review:5557,61193,0.6213759183883667,2025-12-28 04:25:03.848468+01
bac7e306-583c-4db8-afd5-0d35d3964e08,1,39,ms_review:4541,58092,0.621062159538269,2025-12-28 04:25:03.848468+01
bac7e306-583c-4db8-afd5-0d35d3964e08,1,40,kitsu:77093,42037,0.6209858655929565,2025-12-28 04:25:03.848468+01
bac7e306-583c-4db8-afd5-0d35d3964e08,1,41,kitsu:7590,41318,0.6194319725036621,2025-12-28 04:25:03.848468+01
bac7e306-583c-4db8-afd5-0d35d3964e08,1,42,ms_review:5731,61761,0.619317352771759,2025-12-28 04:25:03.848468+01
bac7e306-583c-4db8-afd5-0d35d3964e08,1,43,ms_review:6108,62888,0.6192699670791626,2025-12-28 04:25:03.848468+01
bac7e306-583c-4db8-afd5-0d35d3964e08,1,44,ms_hybrid:56217,48882,0.6192424297332764,2025-12-28 04:25:03.848468+01
bac7e306-583c-4db8-afd5-0d35d3964e08,1,45,ms_hybrid:62858,49991,0.6188206672668457,2025-12-28 04:25:03.848468+01
bac7e306-583c-4db8-afd5-0d35d3964e08,1,46,ms_review:5000,59489,0.6188063025474548,2025-12-28 04:25:03.848468+01
bac7e306-583c-4db8-afd5-0d35d3964e08,1,47,ms_review:4256,57199,0.6187911033630371,2025-12-28 04:25:03.848468+01
bac7e306-583c-4db8-afd5-0d35d3964e08,1,48,ms_review:5914,62323,0.6175588369369507,2025-12-28 04:25:03.848468+01
bac7e306-583c-4db8-afd5-0d35d3964e08,1,49,ms_review:4190,56993,0.6169316172599792,2025-12-28 04:25:03.848468+01
bac7e306-583c-4db8-afd5-0d35d3964e08,1,50,ms_review:5288,60382,0.6161068677902222,2025-12-28 04:25:03.848468+01
bac7e306-583c-4db8-afd5-0d35d3964e08,2,1,kitsu:35,15063,0.6802551746368408,2025-12-28 04:30:01.905457+01
bac7e306-583c-4db8-afd5-0d35d3964e08,2,2,kitsu:44907,21662,0.6719646453857422,2025-12-28 04:30:01.905457+01
bac7e306-583c-4db8-afd5-0d35d3964e08,2,3,kitsu:38138,17058,0.6717185378074646,2025-12-28 04:30:01.905457+01
bac7e306-583c-4db8-afd5-0d35d3964e08,2,4,ms_hybrid:75160,52474,0.6666522026062012,2025-12-28 04:30:01.905457+01
bac7e306-583c-4db8-afd5-0d35d3964e08,2,5,ms_hybrid:745,52374,0.665846586227417,2025-12-28 04:30:01.905457+01
bac7e306-583c-4db8-afd5-0d35d3964e08,2,6,kitsu:67791,36422,0.6658462882041931,2025-12-28 04:30:01.905457+01
bac7e306-583c-4db8-afd5-0d35d3964e08,2,7,kitsu:71974,39106,0.6617171764373779,2025-12-28 04:30:01.905457+01
bac7e306-583c-4db8-afd5-0d35d3964e08,2,8,kitsu:63413,33890,0.659221887588501,2025-12-28 04:30:01.905457+01
bac7e306-583c-4db8-afd5-0d35d3964e08,2,9,kitsu:60692,32148,0.6565722823143005,2025-12-28 04:25:06.751705+01
bac7e306-583c-4db8-afd5-0d35d3964e08,2,10,kitsu:36702,16147,0.6551306247711182,2025-12-28 04:25:06.751705+01
bac7e306-583c-4db8-afd5-0d35d3964e08,2,11,ms_review:5218,60165,0.654005765914917,2025-12-28 04:25:06.751705+01
bac7e306-583c-4db8-afd5-0d35d3964e08,2,12,ms_review:5220,60172,0.6535930633544922,2025-12-28 04:25:06.751705+01
bac7e306-583c-4db8-afd5-0d35d3964e08,2,13,kitsu:13179,1882,0.6516821384429932,2025-12-28 04:25:06.751705+01
bac7e306-583c-4db8-afd5-0d35d3964e08,2,14,kitsu:37632,16659,0.651477575302124,2025-12-28 04:25:06.751705+01
bac7e306-583c-4db8-afd5-0d35d3964e08,2,15,ms_review:5217,60162,0.6514561176300049,2025-12-28 04:25:06.751705+01
bac7e306-583c-4db8-afd5-0d35d3964e08,2,16,kitsu:55102,28158,0.6501224040985107,2025-12-28 04:25:06.751705+01
bac7e306-583c-4db8-afd5-0d35d3964e08,2,17,kitsu:43891,21129,0.6493051052093506,2025-12-28 04:25:06.751705+01
bac7e306-583c-4db8-afd5-0d35d3964e08,2,18,kitsu:23537,8930,0.6481456756591797,2025-12-28 04:25:06.751705+01
bac7e306-583c-4db8-afd5-0d35d3964e08,2,19,kitsu:16985,4612,0.6477046012878418,2025-12-28 04:25:06.751705+01
bac7e306-583c-4db8-afd5-0d35d3964e08,2,20,kitsu:47293,23001,0.6477012634277344,2025-12-28 04:25:06.751705+01
bac7e306-583c-4db8-afd5-0d35d3964e08,2,21,kitsu:41032,19182,0.6452013850212097,2025-12-28 04:25:06.751705+01
bac7e306-583c-4db8-afd5-0d35d3964e08,2,22,kitsu:54148,27375,0.6447279453277588,2025-12-28 04:25:06.751705+01
bac7e306-583c-4db8-afd5-0d35d3964e08,2,23,kitsu:29120,12590,0.6446757316589355,2025-12-28 04:25:06.751705+01
bac7e306-583c-4db8-afd5-0d35d3964e08,2,24,kitsu:52152,26185,0.6437075734138489,2025-12-28 04:25:06.751705+01
bac7e306-583c-4db8-afd5-0d35d3964e08,2,25,ms_hybrid:59612,49270,0.6429191827774048,2025-12-28 04:25:06.751705+01
bac7e306-583c-4db8-afd5-0d35d3964e08,2,26,kitsu:34513,14831,0.6428324580192566,2025-12-28 04:25:06.751705+01
bac7e306-583c-4db8-afd5-0d35d3964e08,2,27,kitsu:25524,10473,0.6404742002487183,2025-12-28 04:25:06.751705+01
bac7e306-583c-4db8-afd5-0d35d3964e08,2,28,ms_hybrid:7220,51976,0.6400622725486755,2025-12-28 04:25:06.751705+01
bac7e306-583c-4db8-afd5-0d35d3964e08,2,29,kitsu:72014,39141,0.6396012306213379,2025-12-28 04:25:06.751705+01
bac7e306-583c-4db8-afd5-0d35d3964e08,2,30,kitsu:65134,34841,0.6392434239387512,2025-12-28 04:25:06.751705+01
bac7e306-583c-4db8-afd5-0d35d3964e08,2,31,kitsu:72076,39192,0.6387741565704346,2025-12-28 04:25:06.751705+01
bac7e306-583c-4db8-afd5-0d35d3964e08,2,32,kitsu:63003,33632,0.6379472017288208,2025-12-28 04:25:06.751705+01
bac7e306-583c-4db8-afd5-0d35d3964e08,2,33,kitsu:72457,39390,0.6369180679321289,2025-12-28 04:25:06.751705+01
bac7e306-583c-4db8-afd5-0d35d3964e08,2,34,kitsu:44308,21347,0.6361778378486633,2025-12-28 04:25:06.751705+01
bac7e306-583c-4db8-afd5-0d35d3964e08,2,35,kitsu:36487,15974,0.6356320977210999,2025-12-28 04:25:06.751705+01
bac7e306-583c-4db8-afd5-0d35d3964e08,2,36,kitsu:67957,36498,0.6348861455917358,2025-12-28 04:25:06.751705+01
bac7e306-583c-4db8-afd5-0d35d3964e08,2,37,kitsu:65087,34811,0.634779691696167,2025-12-28 04:25:06.751705+01
bac7e306-583c-4db8-afd5-0d35d3964e08,2,38,kitsu:35681,15479,0.6336324214935303,2025-12-28 04:25:06.751705+01
bac7e306-583c-4db8-afd5-0d35d3964e08,2,39,ms_review:4840,59013,0.632560133934021,2025-12-28 04:25:06.751705+01
bac7e306-583c-4db8-afd5-0d35d3964e08,2,40,kitsu:71282,38638,0.6322447061538696,2025-12-28 04:25:06.751705+01
bac7e306-583c-4db8-afd5-0d35d3964e08,2,41,kitsu:24424,9618,0.6310786008834839,2025-12-28 04:25:06.751705+01
bac7e306-583c-4db8-afd5-0d35d3964e08,2,42,kitsu:27387,11801,0.6302965879440308,2025-12-28 04:25:06.751705+01
bac7e306-583c-4db8-afd5-0d35d3964e08,2,43,kitsu:51617,25835,0.6294122934341431,2025-12-28 04:25:06.751705+01
bac7e306-583c-4db8-afd5-0d35d3964e08,2,44,ms_hybrid:45419,47158,0.6289279460906982,2025-12-28 04:25:06.751705+01
bac7e306-583c-4db8-afd5-0d35d3964e08,2,45,kitsu:35540,15399,0.6282857656478882,2025-12-28 04:25:06.751705+01
bac7e306-583c-4db8-afd5-0d35d3964e08,2,46,kitsu:45295,21867,0.6278159618377686,2025-12-28 04:25:06.751705+01
bac7e306-583c-4db8-afd5-0d35d3964e08,2,47,kitsu:71955,39091,0.6273478269577026,2025-12-28 04:25:06.751705+01
bac7e306-583c-4db8-afd5-0d35d3964e08,2,48,kitsu:63084,33678,0.6266228556632996,2025-12-28 04:25:06.751705+01
bac7e306-583c-4db8-afd5-0d35d3964e08,2,49,kitsu:65645,35151,0.6264135241508484,2025-12-28 04:25:06.751705+01
bac7e306-583c-4db8-afd5-0d35d3964e08,2,50,kitsu:63401,33880,0.6244798898696899,2025-12-28 04:25:06.751705+01
bac7e306-583c-4db8-afd5-0d35d3964e08,3,1,ms_hybrid:72263,52034,0.6041389107704163,2025-12-28 04:30:01.929661+01
bac7e306-583c-4db8-afd5-0d35d3964e08,3,2,ms_hybrid:8553,53255,0.5815994739532471,2025-12-28 04:30:01.929661+01
bac7e306-583c-4db8-afd5-0d35d3964e08,3,3,ms_hybrid:63157,50084,0.5810291171073914,2025-12-28 04:30:01.929661+01
bac7e306-583c-4db8-afd5-0d35d3964e08,3,4,ms_hybrid:61924,49759,0.5795319080352783,2025-12-28 04:30:01.929661+01
bac7e306-583c-4db8-afd5-0d35d3964e08,3,5,ms_hybrid:75436,52518,0.5782105922698975,2025-12-28 04:30:01.929661+01
bac7e306-583c-4db8-afd5-0d35d3964e08,3,6,ms_hybrid:9731,53802,0.575880765914917,2025-12-28 04:30:01.929661+01
bac7e306-583c-4db8-afd5-0d35d3964e08,3,7,ms_review:4713,58663,0.5708461999893188,2025-12-28 04:30:01.929661+01
bac7e306-583c-4db8-afd5-0d35d3964e08,3,8,ms_review:5925,62356,0.5699966549873352,2025-12-28 04:30:01.929661+01
bac7e306-583c-4db8-afd5-0d35d3964e08,3,9,ms_review:5556,61192,0.5698180198669434,2025-12-28 04:25:06.790317+01
bac7e306-583c-4db8-afd5-0d35d3964e08,3,10,ms_review:3708,55487,0.5696197748184204,2025-12-28 04:25:06.790317+01
bac7e306-583c-4db8-afd5-0d35d3964e08,3,11,ms_review:6268,63400,0.5694084763526917,2025-12-28 04:25:06.790317+01
bac7e306-583c-4db8-afd5-0d35d3964e08,3,12,ms_review:5229,60206,0.5662506818771362,2025-12-28 04:25:06.790317+01
bac7e306-583c-4db8-afd5-0d35d3964e08,3,13,kitsu:15197,3304,0.5573104619979858,2025-12-28 04:25:06.790317+01
bac7e306-583c-4db8-afd5-0d35d3964e08,3,14,ms_hybrid:73876,52319,0.5562840700149536,2025-12-28 04:25:06.790317+01
bac7e306-583c-4db8-afd5-0d35d3964e08,3,15,ms_hybrid:54472,48558,0.5560264587402344,2025-12-28 04:25:06.790317+01
bac7e306-583c-4db8-afd5-0d35d3964e08,3,16,ms_hybrid:71654,51887,0.55329829454422,2025-12-28 04:25:06.790317+01
bac7e306-583c-4db8-afd5-0d35d3964e08,3,17,ms_review:6286,63457,0.5531946420669556,2025-12-28 04:25:06.790317+01
bac7e306-583c-4db8-afd5-0d35d3964e08,3,18,ms_review:3887,56056,0.5524747967720032,2025-12-28 04:25:06.790317+01
bac7e306-583c-4db8-afd5-0d35d3964e08,3,19,ms_hybrid:15721,45979,0.5512486696243286,2025-12-28 04:25:06.790317+01
bac7e306-583c-4db8-afd5-0d35d3964e08,3,20,ms_review:3226,54027,0.5508307814598083,2025-12-28 04:25:06.790317+01
bac7e306-583c-4db8-afd5-0d35d3964e08,3,21,ms_hybrid:49055,47659,0.5497245788574219,2025-12-28 04:25:06.790317+01
bac7e306-583c-4db8-afd5-0d35d3964e08,3,22,ms_review:5557,61196,0.5491466522216797,2025-12-28 04:25:06.790317+01
bac7e306-583c-4db8-afd5-0d35d3964e08,3,23,ms_review:4136,56832,0.5489732623100281,2025-12-28 04:25:06.790317+01
bac7e306-583c-4db8-afd5-0d35d3964e08,3,24,ms_review:5655,61518,0.5482900142669678,2025-12-28 04:25:06.790317+01
bac7e306-583c-4db8-afd5-0d35d3964e08,3,25,ms_review:5292,60393,0.5456660985946655,2025-12-28 04:25:06.790317+01
bac7e306-583c-4db8-afd5-0d35d3964e08,3,26,ms_review:5762,61863,0.5452425479888916,2025-12-28 04:25:06.790317+01
bac7e306-583c-4db8-afd5-0d35d3964e08,3,27,ms_review:3430,54630,0.543253481388092,2025-12-28 04:25:06.790317+01
bac7e306-583c-4db8-afd5-0d35d3964e08,3,28,ms_review:3826,55872,0.5429187417030334,2025-12-28 04:25:06.790317+01
bac7e306-583c-4db8-afd5-0d35d3964e08,3,29,ms_hybrid:63469,50139,0.5400001406669617,2025-12-28 04:25:06.790317+01
bac7e306-583c-4db8-afd5-0d35d3964e08,3,30,ms_review:3415,54583,0.5374264121055603,2025-12-28 04:25:06.790317+01
bac7e306-583c-4db8-afd5-0d35d3964e08,3,31,ms_review:6016,62627,0.5356870293617249,2025-12-28 04:25:06.790317+01
bac7e306-583c-4db8-afd5-0d35d3964e08,3,32,ms_review:5077,59725,0.5354563593864441,2025-12-28 04:25:06.790317+01
bac7e306-583c-4db8-afd5-0d35d3964e08,3,33,ms_review:4680,58560,0.5351567268371582,2025-12-28 04:25:06.790317+01
bac7e306-583c-4db8-afd5-0d35d3964e08,3,34,ms_review:5832,62071,0.5350335836410522,2025-12-28 04:25:06.790317+01
bac7e306-583c-4db8-afd5-0d35d3964e08,3,35,ms_review:3844,55927,0.5335085988044739,2025-12-28 04:25:06.790317+01
bac7e306-583c-4db8-afd5-0d35d3964e08,3,36,ms_review:5586,61287,0.5334790945053101,2025-12-28 04:25:06.790317+01
bac7e306-583c-4db8-afd5-0d35d3964e08,3,37,ms_hybrid:12445,44840,0.5312297344207764,2025-12-28 04:25:06.790317+01
bac7e306-583c-4db8-afd5-0d35d3964e08,3,38,ms_hybrid:60930,49528,0.5289112329483032,2025-12-28 04:25:06.790317+01
bac7e306-583c-4db8-afd5-0d35d3964e08,3,39,ms_hybrid:70318,51560,0.5286967158317566,2025-12-28 04:25:06.790317+01
bac7e306-583c-4db8-afd5-0d35d3964e08,3,40,ms_review:5912,62318,0.5266301035881042,2025-12-28 04:25:06.790317+01
bac7e306-583c-4db8-afd5-0d35d3964e08,3,41,ms_review:6029,62661,0.5258215665817261,2025-12-28 04:25:06.790317+01
bac7e306-583c-4db8-afd5-0d35d3964e08,3,42,ms_hybrid:11036,44244,0.5245521068572998,2025-12-28 04:25:06.790317+01
bac7e306-583c-4db8-afd5-0d35d3964e08,3,43,ms_hybrid:15721,45976,0.5242471694946289,2025-12-28 04:25:06.790317+01
bac7e306-583c-4db8-afd5-0d35d3964e08,3,44,ms_review:4344,57463,0.5235490798950195,2025-12-28 04:25:06.790317+01
bac7e306-583c-4db8-afd5-0d35d3964e08,3,45,ms_hybrid:66147,50668,0.5229012966156006,2025-12-28 04:25:06.790317+01
bac7e306-583c-4db8-afd5-0d35d3964e08,3,46,ms_hybrid:8514,53225,0.5195351243019104,2025-12-28 04:25:06.790317+01
bac7e306-583c-4db8-afd5-0d35d3964e08,3,47,ms_review:4034,56524,0.5190320611000061,2025-12-28 04:25:06.790317+01
bac7e306-583c-4db8-afd5-0d35d3964e08,3,48,kitsu:67400,36183,0.5181883573532104,2025-12-28 04:25:06.790317+01
bac7e306-583c-4db8-afd5-0d35d3964e08,3,49,ms_review:4533,58066,0.518039345741272,2025-12-28 04:25:06.790317+01
bac7e306-583c-4db8-afd5-0d35d3964e08,3,50,ms_review:4913,59225,0.5163223743438721,2025-12-28 04:25:06.790317+01
bac7e306-583c-4db8-afd5-0d35d3964e08,4,1,ms_hybrid:70555,51620,0.6971964836120605,2025-12-28 04:30:01.949898+01
bac7e306-583c-4db8-afd5-0d35d3964e08,4,2,ms_hybrid:50952,48040,0.6698535084724426,2025-12-28 04:30:01.949898+01
bac7e306-583c-4db8-afd5-0d35d3964e08,4,3,ms_hybrid:55821,48809,0.6515436172485352,2025-12-28 04:30:01.949898+01
bac7e306-583c-4db8-afd5-0d35d3964e08,4,4,ms_review:5280,60361,0.6510119438171387,2025-12-28 04:30:01.949898+01
bac7e306-583c-4db8-afd5-0d35d3964e08,4,5,ms_hybrid:49055,47661,0.6502169370651245,2025-12-28 04:30:01.949898+01
bac7e306-583c-4db8-afd5-0d35d3964e08,4,6,ms_review:5569,61241,0.643682599067688,2025-12-28 04:30:01.949898+01
bac7e306-583c-4db8-afd5-0d35d3964e08,4,7,ms_review:3633,55237,0.6344619989395142,2025-12-28 04:30:01.949898+01
bac7e306-583c-4db8-afd5-0d35d3964e08,4,8,ms_review:6098,62855,0.6307216286659241,2025-12-28 04:30:01.949898+01
bac7e306-583c-4db8-afd5-0d35d3964e08,4,9,ms_review:3305,54264,0.6288912296295166,2025-12-28 04:25:06.823555+01
bac7e306-583c-4db8-afd5-0d35d3964e08,4,10,ms_review:5861,62166,0.6261587142944336,2025-12-28 04:25:06.823555+01
bac7e306-583c-4db8-afd5-0d35d3964e08,4,11,ms_review:5142,59922,0.6238178014755249,2025-12-28 04:25:06.823555+01
bac7e306-583c-4db8-afd5-0d35d3964e08,4,12,ms_review:4398,57643,0.6218727827072144,2025-12-28 04:25:06.823555+01
bac7e306-583c-4db8-afd5-0d35d3964e08,4,13,ms_review:3676,55371,0.6207808256149292,2025-12-28 04:25:06.823555+01
bac7e306-583c-4db8-afd5-0d35d3964e08,4,14,ms_review:4704,58638,0.6165979504585266,2025-12-28 04:25:06.823555+01
bac7e306-583c-4db8-afd5-0d35d3964e08,4,15,ms_hybrid:49349,47770,0.6153509020805359,2025-12-28 04:25:06.823555+01
bac7e306-583c-4db8-afd5-0d35d3964e08,4,16,ms_hybrid:15436,45903,0.6145882606506348,2025-12-28 04:25:06.823555+01
bac7e306-583c-4db8-afd5-0d35d3964e08,4,17,ms_review:6204,63202,0.6127797961235046,2025-12-28 04:25:06.823555+01
bac7e306-583c-4db8-afd5-0d35d3964e08,4,18,ms_review:5215,60158,0.6121675968170166,2025-12-28 04:25:06.823555+01
bac7e306-583c-4db8-afd5-0d35d3964e08,4,19,ms_hybrid:45303,47133,0.6111142635345459,2025-12-28 04:25:06.823555+01
bac7e306-583c-4db8-afd5-0d35d3964e08,4,20,ms_hybrid:10989,44223,0.6097011566162109,2025-12-28 04:25:06.823555+01
bac7e306-583c-4db8-afd5-0d35d3964e08,4,21,ms_hybrid:9727,53782,0.6094377636909485,2025-12-28 04:25:06.823555+01
bac7e306-583c-4db8-afd5-0d35d3964e08,4,22,ms_review:5596,61327,0.60878586769104,2025-12-28 04:25:06.823555+01
bac7e306-583c-4db8-afd5-0d35d3964e08,4,23,ms_hybrid:8514,53119,0.6068536043167114,2025-12-28 04:25:06.823555+01
bac7e306-583c-4db8-afd5-0d35d3964e08,4,24,ms_review:4690,58595,0.6059293746948242,2025-12-28 04:25:06.823555+01
bac7e306-583c-4db8-afd5-0d35d3964e08,4,25,ms_review:5740,61788,0.6047097444534302,2025-12-28 04:25:06.823555+01
bac7e306-583c-4db8-afd5-0d35d3964e08,4,26,ms_hybrid:49179,47702,0.6040241718292236,2025-12-28 04:25:06.823555+01
bac7e306-583c-4db8-afd5-0d35d3964e08,4,27,ms_review:3567,55041,0.5979280471801758,2025-12-28 04:25:06.823555+01
bac7e306-583c-4db8-afd5-0d35d3964e08,4,28,ms_review:4399,57648,0.5973825454711914,2025-12-28 04:25:06.823555+01
bac7e306-583c-4db8-afd5-0d35d3964e08,4,29,ms_review:6324,63579,0.597101092338562,2025-12-28 04:25:06.823555+01
bac7e306-583c-4db8-afd5-0d35d3964e08,4,30,ms_review:3247,54089,0.5948824882507324,2025-12-28 04:25:06.823555+01
bac7e306-583c-4db8-afd5-0d35d3964e08,4,31,ms_hybrid:49592,47809,0.5947576761245728,2025-12-28 04:25:06.823555+01
bac7e306-583c-4db8-afd5-0d35d3964e08,4,32,ms_hybrid:49192,47716,0.5938523411750793,2025-12-28 04:25:06.823555+01
bac7e306-583c-4db8-afd5-0d35d3964e08,4,33,ms_review:5633,61452,0.5937865376472473,2025-12-28 04:25:06.823555+01
bac7e306-583c-4db8-afd5-0d35d3964e08,4,34,ms_review:4228,57131,0.593624472618103,2025-12-28 04:25:06.823555+01
bac7e306-583c-4db8-afd5-0d35d3964e08,4,35,ms_review:3928,56182,0.591966986656189,2025-12-28 04:25:06.823555+01
bac7e306-583c-4db8-afd5-0d35d3964e08,4,36,ms_hybrid:49593,47815,0.590907096862793,2025-12-28 04:25:06.823555+01
bac7e306-583c-4db8-afd5-0d35d3964e08,4,37,ms_review:4471,57880,0.5903774499893188,2025-12-28 04:25:06.823555+01
bac7e306-583c-4db8-afd5-0d35d3964e08,4,38,ms_hybrid:54855,48690,0.5895018577575684,2025-12-28 04:25:06.823555+01
bac7e306-583c-4db8-afd5-0d35d3964e08,4,39,ms_hybrid:7078,51641,0.5893607139587402,2025-12-28 04:25:06.823555+01
bac7e306-583c-4db8-afd5-0d35d3964e08,4,40,ms_review:6041,62689,0.5890403985977173,2025-12-28 04:25:06.823555+01
bac7e306-583c-4db8-afd5-0d35d3964e08,4,41,ms_review:5599,61335,0.5884606242179871,2025-12-28 04:25:06.823555+01
bac7e306-583c-4db8-afd5-0d35d3964e08,4,42,ms_hybrid:65738,50514,0.5863312482833862,2025-12-28 04:25:06.823555+01
bac7e306-583c-4db8-afd5-0d35d3964e08,4,43,ms_review:5667,61564,0.5862736701965332,2025-12-28 04:25:06.823555+01
bac7e306-583c-4db8-afd5-0d35d3964e08,4,44,ms_hybrid:38850,46422,0.5852506160736084,2025-12-28 04:25:06.823555+01
bac7e306-583c-4db8-afd5-0d35d3964e08,4,45,ms_hybrid:65429,50443,0.5851803421974182,2025-12-28 04:25:06.823555+01
bac7e306-583c-4db8-afd5-0d35d3964e08,4,46,ms_review:4000,56417,0.58473140001297,2025-12-28 04:25:06.823555+01
bac7e306-583c-4db8-afd5-0d35d3964e08,4,47,ms_review:3933,56205,0.5840259194374084,2025-12-28 04:25:06.823555+01
bac7e306-583c-4db8-afd5-0d35d3964e08,4,48,ms_hybrid:46130,47241,0.5838552713394165,2025-12-28 04:25:06.823555+01
bac7e306-583c-4db8-afd5-0d35d3964e08,4,49,ms_review:4400,57652,0.5836604237556458,2025-12-28 04:25:06.823555+01
bac7e306-583c-4db8-afd5-0d35d3964e08,4,50,ms_hybrid:2869,46243,0.5825948715209961,2025-12-28 04:25:06.823555+01
bac7e306-583c-4db8-afd5-0d35d3964e08,5,1,ms_hybrid:13619,45297,0.7303831577301025,2025-12-28 04:30:01.969833+01
bac7e306-583c-4db8-afd5-0d35d3964e08,5,2,ms_review:5432,60830,0.7214025855064392,2025-12-28 04:30:01.969833+01
bac7e306-583c-4db8-afd5-0d35d3964e08,5,3,ms_review:4872,59114,0.6872096061706543,2025-12-28 04:30:01.969833+01
bac7e306-583c-4db8-afd5-0d35d3964e08,5,4,ms_review:3978,56349,0.6829458475112915,2025-12-28 04:30:01.969833+01
bac7e306-583c-4db8-afd5-0d35d3964e08,5,5,ms_review:5275,60344,0.6772629022598267,2025-12-28 04:30:01.969833+01
bac7e306-583c-4db8-afd5-0d35d3964e08,5,6,ms_hybrid:15199,45800,0.6767858862876892,2025-12-28 04:30:01.969833+01
bac7e306-583c-4db8-afd5-0d35d3964e08,5,7,ms_review:3705,55473,0.6683914065361023,2025-12-28 04:30:01.969833+01
bac7e306-583c-4db8-afd5-0d35d3964e08,5,8,kitsu:13898,2373,0.6661548614501953,2025-12-28 04:30:01.969833+01
bac7e306-583c-4db8-afd5-0d35d3964e08,5,9,ms_hybrid:48915,47635,0.6571903824806213,2025-12-28 04:25:06.85259+01
bac7e306-583c-4db8-afd5-0d35d3964e08,5,10,ms_review:5560,61205,0.6555187702178955,2025-12-28 04:25:06.85259+01
bac7e306-583c-4db8-afd5-0d35d3964e08,5,11,ms_review:5379,60653,0.654299259185791,2025-12-28 04:25:06.85259+01
bac7e306-583c-4db8-afd5-0d35d3964e08,5,12,ms_hybrid:61153,49570,0.650428056716919,2025-12-28 04:25:06.85259+01
bac7e306-583c-4db8-afd5-0d35d3964e08,5,13,ms_review:5383,60663,0.6496342420578003,2025-12-28 04:25:06.85259+01
bac7e306-583c-4db8-afd5-0d35d3964e08,5,14,ms_hybrid:47417,47426,0.6494736671447754,2025-12-28 04:25:06.85259+01
bac7e306-583c-4db8-afd5-0d35d3964e08,5,15,ms_hybrid:61153,49583,0.6393369436264038,2025-12-28 04:25:06.85259+01
bac7e306-583c-4db8-afd5-0d35d3964e08,5,16,ms_review:5382,60661,0.6390193700790405,2025-12-28 04:25:06.85259+01
bac7e306-583c-4db8-afd5-0d35d3964e08,5,17,ms_review:6150,63008,0.6389042735099792,2025-12-28 04:25:06.85259+01
bac7e306-583c-4db8-afd5-0d35d3964e08,5,18,ms_review:4954,59348,0.6348571181297302,2025-12-28 04:25:06.85259+01
bac7e306-583c-4db8-afd5-0d35d3964e08,5,19,ms_hybrid:14532,45651,0.6332589387893677,2025-12-28 04:25:06.85259+01
bac7e306-583c-4db8-afd5-0d35d3964e08,5,20,ms_hybrid:10375,43982,0.6327143907546997,2025-12-28 04:25:06.85259+01
bac7e306-583c-4db8-afd5-0d35d3964e08,5,21,kitsu:24885,9991,0.6324775218963623,2025-12-28 04:25:06.85259+01
bac7e306-583c-4db8-afd5-0d35d3964e08,5,22,ms_review:5271,60335,0.6323330998420715,2025-12-28 04:25:06.85259+01
bac7e306-583c-4db8-afd5-0d35d3964e08,5,23,ms_review:5388,60675,0.6314740777015686,2025-12-28 04:25:06.85259+01
bac7e306-583c-4db8-afd5-0d35d3964e08,5,24,ms_review:3976,56343,0.6312233805656433,2025-12-28 04:25:06.85259+01
bac7e306-583c-4db8-afd5-0d35d3964e08,5,25,ms_review:5378,60650,0.6247531175613403,2025-12-28 04:25:06.85259+01
bac7e306-583c-4db8-afd5-0d35d3964e08,5,26,ms_hybrid:63822,50199,0.6229336261749268,2025-12-28 04:25:06.85259+01
bac7e306-583c-4db8-afd5-0d35d3964e08,5,27,ms_hybrid:47417,47425,0.6226992011070251,2025-12-28 04:25:06.85259+01
bac7e306-583c-4db8-afd5-0d35d3964e08,5,28,ms_hybrid:69456,51340,0.6223920583724976,2025-12-28 04:25:06.85259+01
bac7e306-583c-4db8-afd5-0d35d3964e08,5,29,ms_review:5946,62407,0.6215161681175232,2025-12-28 04:25:06.85259+01
bac7e306-583c-4db8-afd5-0d35d3964e08,5,30,ms_hybrid:12368,44792,0.6206865310668945,2025-12-28 04:25:06.85259+01
bac7e306-583c-4db8-afd5-0d35d3964e08,5,31,ms_review:4954,59351,0.6196138858795166,2025-12-28 04:25:06.85259+01
bac7e306-583c-4db8-afd5-0d35d3964e08,5,32,ms_hybrid:48915,47630,0.6165528893470764,2025-12-28 04:25:06.85259+01
bac7e306-583c-4db8-afd5-0d35d3964e08,5,33,kitsu:43516,20868,0.6146076321601868,2025-12-28 04:25:06.85259+01
bac7e306-583c-4db8-afd5-0d35d3964e08,5,34,ms_hybrid:7841,52811,0.6139944791793823,2025-12-28 04:25:06.85259+01
bac7e306-583c-4db8-afd5-0d35d3964e08,5,35,ms_review:4874,59121,0.613940954208374,2025-12-28 04:25:06.85259+01
bac7e306-583c-4db8-afd5-0d35d3964e08,5,36,ms_hybrid:47417,47422,0.6120930910110474,2025-12-28 04:25:06.85259+01
bac7e306-583c-4db8-afd5-0d35d3964e08,5,37,ms_review:5062,59680,0.611742377281189,2025-12-28 04:25:06.85259+01
bac7e306-583c-4db8-afd5-0d35d3964e08,5,38,ms_hybrid:10375,43979,0.6113907098770142,2025-12-28 04:25:06.85259+01
bac7e306-583c-4db8-afd5-0d35d3964e08,5,39,ms_review:3241,54065,0.6089794635772705,2025-12-28 04:25:06.85259+01
bac7e306-583c-4db8-afd5-0d35d3964e08,5,40,ms_review:5978,62509,0.6082789897918701,2025-12-28 04:25:06.85259+01
bac7e306-583c-4db8-afd5-0d35d3964e08,5,41,ms_review:5671,61582,0.6078228950500488,2025-12-28 04:25:06.85259+01
bac7e306-583c-4db8-afd5-0d35d3964e08,5,42,ms_review:5520,61091,0.6075493097305298,2025-12-28 04:25:06.85259+01
bac7e306-583c-4db8-afd5-0d35d3964e08,5,43,ms_review:5270,60331,0.6071096658706665,2025-12-28 04:25:06.85259+01
bac7e306-583c-4db8-afd5-0d35d3964e08,5,44,ms_hybrid:39480,46487,0.6070214509963989,2025-12-28 04:25:06.85259+01
bac7e306-583c-4db8-afd5-0d35d3964e08,5,45,ms_review:5301,60420,0.6045827865600586,2025-12-28 04:25:06.85259+01
bac7e306-583c-4db8-afd5-0d35d3964e08,5,46,ms_hybrid:10375,43981,0.604164719581604,2025-12-28 04:25:06.85259+01
bac7e306-583c-4db8-afd5-0d35d3964e08,5,47,ms_hybrid:60391,49422,0.6039882898330688,2025-12-28 04:25:06.85259+01
bac7e306-583c-4db8-afd5-0d35d3964e08,5,48,ms_review:5286,60378,0.6029505133628845,2025-12-28 04:25:06.85259+01
bac7e306-583c-4db8-afd5-0d35d3964e08,5,49,ms_review:4873,59117,0.6019648909568787,2025-12-28 04:25:06.85259+01
bac7e306-583c-4db8-afd5-0d35d3964e08,5,50,ms_review:3877,56022,0.6018227338790894,2025-12-28 04:25:06.85259+01
bac7e306-583c-4db8-afd5-0d35d3964e08,6,1,ms_review:4103,56735,0.6867932081222534,2025-12-28 04:30:01.987432+01
bac7e306-583c-4db8-afd5-0d35d3964e08,6,2,ms_review:3448,54694,0.6860184073448181,2025-12-28 04:30:01.987432+01
bac7e306-583c-4db8-afd5-0d35d3964e08,6,3,ms_review:5306,60434,0.6774190068244934,2025-12-28 04:30:01.987432+01
bac7e306-583c-4db8-afd5-0d35d3964e08,6,4,ms_hybrid:59612,49274,0.6697134971618652,2025-12-28 04:30:01.987432+01
bac7e306-583c-4db8-afd5-0d35d3964e08,6,5,kitsu:76066,41419,0.6637560129165649,2025-12-28 04:30:01.987432+01
bac7e306-583c-4db8-afd5-0d35d3964e08,6,6,ms_review:4964,59387,0.6620513200759888,2025-12-28 04:30:01.987432+01
bac7e306-583c-4db8-afd5-0d35d3964e08,6,7,ms_review:4686,58581,0.6562292575836182,2025-12-28 04:30:01.987432+01
bac7e306-583c-4db8-afd5-0d35d3964e08,6,8,ms_hybrid:69458,51347,0.6492530107498169,2025-12-28 04:30:01.987432+01
bac7e306-583c-4db8-afd5-0d35d3964e08,6,9,ms_hybrid:65871,50594,0.6460561752319336,2025-12-28 04:25:06.881126+01
bac7e306-583c-4db8-afd5-0d35d3964e08,6,10,ms_review:3857,55964,0.6455725431442261,2025-12-28 04:25:06.881126+01
bac7e306-583c-4db8-afd5-0d35d3964e08,6,11,ms_hybrid:50768,47997,0.6422082185745239,2025-12-28 04:25:06.881126+01
bac7e306-583c-4db8-afd5-0d35d3964e08,6,12,ms_hybrid:62518,49877,0.6410144567489624,2025-12-28 04:25:06.881126+01
bac7e306-583c-4db8-afd5-0d35d3964e08,6,13,ms_review:4168,56921,0.6404280662536621,2025-12-28 04:25:06.881126+01
bac7e306-583c-4db8-afd5-0d35d3964e08,6,14,ms_review:3906,56111,0.6392730474472046,2025-12-28 04:25:06.881126+01
bac7e306-583c-4db8-afd5-0d35d3964e08,6,15,ms_hybrid:70059,51484,0.6383312940597534,2025-12-28 04:25:06.881126+01
bac7e306-583c-4db8-afd5-0d35d3964e08,6,16,ms_hybrid:54408,48551,0.6364396810531616,2025-12-28 04:25:06.881126+01
bac7e306-583c-4db8-afd5-0d35d3964e08,6,17,ms_hybrid:7781,52733,0.6362932920455933,2025-12-28 04:25:06.881126+01
bac7e306-583c-4db8-afd5-0d35d3964e08,6,18,ms_hybrid:9640,53726,0.6352466344833374,2025-12-28 04:25:06.881126+01
bac7e306-583c-4db8-afd5-0d35d3964e08,6,19,ms_review:4639,58423,0.6339633464813232,2025-12-28 04:25:06.881126+01
bac7e306-583c-4db8-afd5-0d35d3964e08,6,20,ms_hybrid:50673,47989,0.6335456371307373,2025-12-28 04:25:06.881126+01
bac7e306-583c-4db8-afd5-0d35d3964e08,6,21,ms_hybrid:49603,47824,0.6331756114959717,2025-12-28 04:25:06.881126+01
bac7e306-583c-4db8-afd5-0d35d3964e08,6,22,ms_review:5988,62543,0.6298955678939819,2025-12-28 04:25:06.881126+01
bac7e306-583c-4db8-afd5-0d35d3964e08,6,23,ms_review:6078,62796,0.6278931498527527,2025-12-28 04:25:06.881126+01
bac7e306-583c-4db8-afd5-0d35d3964e08,6,24,ms_review:5794,61962,0.6274037957191467,2025-12-28 04:25:06.881126+01
bac7e306-583c-4db8-afd5-0d35d3964e08,6,25,ms_review:4997,59478,0.6257103681564331,2025-12-28 04:25:06.881126+01
bac7e306-583c-4db8-afd5-0d35d3964e08,6,26,ms_review:3277,54177,0.6241246461868286,2025-12-28 04:25:06.881126+01
bac7e306-583c-4db8-afd5-0d35d3964e08,6,27,ms_hybrid:71144,51726,0.6239228248596191,2025-12-28 04:25:06.881126+01
bac7e306-583c-4db8-afd5-0d35d3964e08,6,28,ms_review:5850,62134,0.6209426522254944,2025-12-28 04:25:06.881126+01
bac7e306-583c-4db8-afd5-0d35d3964e08,6,29,ms_review:4278,57262,0.6207618713378906,2025-12-28 04:25:06.881126+01
bac7e306-583c-4db8-afd5-0d35d3964e08,6,30,ms_review:5051,59642,0.6207427382469177,2025-12-28 04:25:06.881126+01
bac7e306-583c-4db8-afd5-0d35d3964e08,6,31,ms_review:6000,62578,0.6201767325401306,2025-12-28 04:25:06.881126+01
bac7e306-583c-4db8-afd5-0d35d3964e08,6,32,ms_review:5176,60036,0.6189970970153809,2025-12-28 04:25:06.881126+01
bac7e306-583c-4db8-afd5-0d35d3964e08,6,33,ms_review:4768,58817,0.618750274181366,2025-12-28 04:25:06.881126+01
bac7e306-583c-4db8-afd5-0d35d3964e08,6,34,ms_review:3189,53898,0.6186293363571167,2025-12-28 04:25:06.881126+01
bac7e306-583c-4db8-afd5-0d35d3964e08,6,35,ms_review:5604,61357,0.6178126335144043,2025-12-28 04:25:06.881126+01
bac7e306-583c-4db8-afd5-0d35d3964e08,6,36,ms_review:6206,63208,0.6174308061599731,2025-12-28 04:25:06.881126+01
bac7e306-583c-4db8-afd5-0d35d3964e08,6,37,ms_review:5633,61453,0.6170015335083008,2025-12-28 04:25:06.881126+01
bac7e306-583c-4db8-afd5-0d35d3964e08,6,38,kitsu:51617,25835,0.6162084341049194,2025-12-28 04:25:06.881126+01
bac7e306-583c-4db8-afd5-0d35d3964e08,6,39,ms_review:5376,60646,0.6162062883377075,2025-12-28 04:25:06.881126+01
bac7e306-583c-4db8-afd5-0d35d3964e08,6,40,ms_review:5884,62237,0.6161909103393555,2025-12-28 04:25:06.881126+01
bac7e306-583c-4db8-afd5-0d35d3964e08,6,41,ms_review:4071,56635,0.615816593170166,2025-12-28 04:25:06.881126+01
bac7e306-583c-4db8-afd5-0d35d3964e08,6,42,ms_review:3831,55887,0.6148759722709656,2025-12-28 04:25:06.881126+01
bac7e306-583c-4db8-afd5-0d35d3964e08,6,43,ms_hybrid:40961,46656,0.6148731708526611,2025-12-28 04:25:06.881126+01
bac7e306-583c-4db8-afd5-0d35d3964e08,6,44,ms_review:3387,54498,0.6140309572219849,2025-12-28 04:25:06.881126+01
bac7e306-583c-4db8-afd5-0d35d3964e08,6,45,ms_hybrid:49244,47724,0.6136457920074463,2025-12-28 04:25:06.881126+01
bac7e306-583c-4db8-afd5-0d35d3964e08,6,46,ms_hybrid:61936,49761,0.6136345267295837,2025-12-28 04:25:06.881126+01
bac7e306-583c-4db8-afd5-0d35d3964e08,6,47,ms_review:4216,57093,0.6133198738098145,2025-12-28 04:25:06.881126+01
bac7e306-583c-4db8-afd5-0d35d3964e08,6,48,ms_review:3445,54684,0.6125997304916382,2025-12-28 04:25:06.881126+01
bac7e306-583c-4db8-afd5-0d35d3964e08,6,49,ms_review:4723,58692,0.6120498180389404,2025-12-28 04:25:06.881126+01
bac7e306-583c-4db8-afd5-0d35d3964e08,6,50,ms_hybrid:59884,49306,0.6118444800376892,2025-12-28 04:25:06.881126+01
bac7e306-583c-4db8-afd5-0d35d3964e08,7,1,ms_hybrid:72232,52022,0.6370129585266113,2025-12-28 04:30:02.008096+01
bac7e306-583c-4db8-afd5-0d35d3964e08,7,2,ms_hybrid:52566,48288,0.619586706161499,2025-12-28 04:30:02.008096+01
bac7e306-583c-4db8-afd5-0d35d3964e08,7,3,ms_hybrid:69576,51380,0.6135373115539551,2025-12-28 04:30:02.008096+01
bac7e306-583c-4db8-afd5-0d35d3964e08,7,4,ms_review:5678,61605,0.6062055826187134,2025-12-28 04:30:02.008096+01
bac7e306-583c-4db8-afd5-0d35d3964e08,7,5,ms_review:5976,62505,0.6057903170585632,2025-12-28 04:30:02.008096+01
bac7e306-583c-4db8-afd5-0d35d3964e08,7,6,ms_hybrid:71348,51800,0.6010686159133911,2025-12-28 04:30:02.008096+01
bac7e306-583c-4db8-afd5-0d35d3964e08,7,7,ms_review:5171,60019,0.5939298868179321,2025-12-28 04:30:02.008096+01
bac7e306-583c-4db8-afd5-0d35d3964e08,7,8,ms_review:3265,54144,0.5911614298820496,2025-12-28 04:30:02.008096+01
bac7e306-583c-4db8-afd5-0d35d3964e08,7,9,ms_review:5569,61241,0.591039776802063,2025-12-28 04:25:06.911536+01
bac7e306-583c-4db8-afd5-0d35d3964e08,7,10,ms_review:4135,56830,0.5820553302764893,2025-12-28 04:25:06.911536+01
bac7e306-583c-4db8-afd5-0d35d3964e08,7,11,ms_hybrid:51444,48106,0.5802910327911377,2025-12-28 04:25:06.911536+01
bac7e306-583c-4db8-afd5-0d35d3964e08,7,12,ms_review:5544,61157,0.5776634812355042,2025-12-28 04:25:06.911536+01
bac7e306-583c-4db8-afd5-0d35d3964e08,7,13,kitsu:60868,32273,0.5774703025817871,2025-12-28 04:25:06.911536+01
bac7e306-583c-4db8-afd5-0d35d3964e08,7,14,ms_review:3990,56381,0.5756657123565674,2025-12-28 04:25:06.911536+01
bac7e306-583c-4db8-afd5-0d35d3964e08,7,15,ms_review:4505,57984,0.5724011659622192,2025-12-28 04:25:06.911536+01
bac7e306-583c-4db8-afd5-0d35d3964e08,7,16,ms_hybrid:13249,45114,0.5720537900924683,2025-12-28 04:25:06.911536+01
bac7e306-583c-4db8-afd5-0d35d3964e08,7,17,ms_review:5676,61597,0.5718362927436829,2025-12-28 04:25:06.911536+01
bac7e306-583c-4db8-afd5-0d35d3964e08,7,18,ms_hybrid:75161,52479,0.5703682899475098,2025-12-28 04:25:06.911536+01
bac7e306-583c-4db8-afd5-0d35d3964e08,7,19,ms_hybrid:64886,50345,0.5699774026870728,2025-12-28 04:25:06.911536+01
bac7e306-583c-4db8-afd5-0d35d3964e08,7,20,ms_review:4670,58521,0.5692301988601685,2025-12-28 04:25:06.911536+01
bac7e306-583c-4db8-afd5-0d35d3964e08,7,21,ms_review:3410,54568,0.5676668882369995,2025-12-28 04:25:06.911536+01
bac7e306-583c-4db8-afd5-0d35d3964e08,7,22,ms_review:4087,56687,0.5674091577529907,2025-12-28 04:25:06.911536+01
bac7e306-583c-4db8-afd5-0d35d3964e08,7,23,ms_review:6169,63083,0.5668548345565796,2025-12-28 04:25:06.911536+01
bac7e306-583c-4db8-afd5-0d35d3964e08,7,24,ms_review:3277,54176,0.5665851831436157,2025-12-28 04:25:06.911536+01
bac7e306-583c-4db8-afd5-0d35d3964e08,7,25,ms_review:5292,60394,0.566345751285553,2025-12-28 04:25:06.911536+01
bac7e306-583c-4db8-afd5-0d35d3964e08,7,26,ms_hybrid:50952,48043,0.565446674823761,2025-12-28 04:25:06.911536+01
bac7e306-583c-4db8-afd5-0d35d3964e08,7,27,ms_review:4259,57208,0.5638023018836975,2025-12-28 04:25:06.911536+01
bac7e306-583c-4db8-afd5-0d35d3964e08,7,28,ms_review:3625,55211,0.5628534555435181,2025-12-28 04:25:06.911536+01
bac7e306-583c-4db8-afd5-0d35d3964e08,7,29,ms_hybrid:68235,51068,0.562620222568512,2025-12-28 04:25:06.911536+01
bac7e306-583c-4db8-afd5-0d35d3964e08,7,30,ms_review:4590,58274,0.5617826581001282,2025-12-28 04:25:06.911536+01
bac7e306-583c-4db8-afd5-0d35d3964e08,7,31,kitsu:2104,7204,0.5617257356643677,2025-12-28 04:25:06.911536+01
bac7e306-583c-4db8-afd5-0d35d3964e08,7,32,ms_review:3426,54618,0.5611190795898438,2025-12-28 04:25:06.911536+01
bac7e306-583c-4db8-afd5-0d35d3964e08,7,33,ms_review:5969,62482,0.5604903101921082,2025-12-28 04:25:06.911536+01
bac7e306-583c-4db8-afd5-0d35d3964e08,7,34,ms_hybrid:40297,46582,0.5604621171951294,2025-12-28 04:25:06.911536+01
bac7e306-583c-4db8-afd5-0d35d3964e08,7,35,ms_review:4677,58543,0.5591965913772583,2025-12-28 04:25:06.911536+01
bac7e306-583c-4db8-afd5-0d35d3964e08,7,36,ms_review:5222,60183,0.5591561794281006,2025-12-28 04:25:06.911536+01
bac7e306-583c-4db8-afd5-0d35d3964e08,7,37,ms_hybrid:58220,49121,0.5578325986862183,2025-12-28 04:25:06.911536+01
bac7e306-583c-4db8-afd5-0d35d3964e08,7,38,kitsu:71453,38744,0.5574307441711426,2025-12-28 04:25:06.911536+01
bac7e306-583c-4db8-afd5-0d35d3964e08,7,39,ms_hybrid:72321,52079,0.5573466420173645,2025-12-28 04:25:06.911536+01
bac7e306-583c-4db8-afd5-0d35d3964e08,7,40,kitsu:46310,22497,0.5572338104248047,2025-12-28 04:25:06.911536+01
bac7e306-583c-4db8-afd5-0d35d3964e08,7,41,ms_hybrid:46130,47241,0.5568900108337402,2025-12-28 04:25:06.911536+01
bac7e306-583c-4db8-afd5-0d35d3964e08,7,42,ms_review:3863,55979,0.5564215779304504,2025-12-28 04:25:06.911536+01
bac7e306-583c-4db8-afd5-0d35d3964e08,7,43,ms_review:4578,58220,0.5563852190971375,2025-12-28 04:25:06.911536+01
bac7e306-583c-4db8-afd5-0d35d3964e08,7,44,ms_review:4296,57318,0.5549302101135254,2025-12-28 04:25:06.911536+01
bac7e306-583c-4db8-afd5-0d35d3964e08,7,45,ms_review:6280,63436,0.5543562173843384,2025-12-28 04:25:06.911536+01
bac7e306-583c-4db8-afd5-0d35d3964e08,7,46,ms_hybrid:62873,50010,0.5539116859436035,2025-12-28 04:25:06.911536+01
bac7e306-583c-4db8-afd5-0d35d3964e08,7,47,kitsu:71323,38666,0.553615927696228,2025-12-28 04:25:06.911536+01
bac7e306-583c-4db8-afd5-0d35d3964e08,7,48,ms_hybrid:70914,51688,0.553375780582428,2025-12-28 04:25:06.911536+01
bac7e306-583c-4db8-afd5-0d35d3964e08,7,49,ms_hybrid:71157,51739,0.5513363480567932,2025-12-28 04:25:06.911536+01
bac7e306-583c-4db8-afd5-0d35d3964e08,7,50,ms_review:3193,53914,0.5511898398399353,2025-12-28 04:25:06.911536+01
bac7e306-583c-4db8-afd5-0d35d3964e08,8,1,ms_review:3548,54994,0.6087374091148376,2025-12-28 04:30:02.026171+01
bac7e306-583c-4db8-afd5-0d35d3964e08,8,2,ms_review:3659,55325,0.6051350831985474,2025-12-28 04:30:02.026171+01
bac7e306-583c-4db8-afd5-0d35d3964e08,8,3,ms_review:3483,54807,0.5902978777885437,2025-12-28 04:30:02.026171+01
bac7e306-583c-4db8-afd5-0d35d3964e08,8,4,ms_review:4758,58791,0.5849518775939941,2025-12-28 04:30:02.026171+01
bac7e306-583c-4db8-afd5-0d35d3964e08,8,5,ms_review:4061,56609,0.5830221176147461,2025-12-28 04:30:02.026171+01
bac7e306-583c-4db8-afd5-0d35d3964e08,8,6,ms_review:4557,58151,0.5781337022781372,2025-12-28 04:30:02.026171+01
bac7e306-583c-4db8-afd5-0d35d3964e08,8,7,ms_review:4086,56685,0.5720915794372559,2025-12-28 04:30:02.026171+01
bac7e306-583c-4db8-afd5-0d35d3964e08,8,8,ms_hybrid:49616,47841,0.5707219839096069,2025-12-28 04:30:02.026171+01
bac7e306-583c-4db8-afd5-0d35d3964e08,8,9,ms_hybrid:46130,47228,0.5690204501152039,2025-12-28 04:25:06.940062+01
bac7e306-583c-4db8-afd5-0d35d3964e08,8,10,ms_review:5790,61940,0.5664290189743042,2025-12-28 04:25:06.940062+01
bac7e306-583c-4db8-afd5-0d35d3964e08,8,11,ms_hybrid:51361,48089,0.5645104646682739,2025-12-28 04:25:06.940062+01
bac7e306-583c-4db8-afd5-0d35d3964e08,8,12,ms_hybrid:52321,48235,0.5636026263237,2025-12-28 04:25:06.940062+01
bac7e306-583c-4db8-afd5-0d35d3964e08,8,13,ms_review:3731,55552,0.561298131942749,2025-12-28 04:25:06.940062+01
bac7e306-583c-4db8-afd5-0d35d3964e08,8,14,ms_review:6150,63009,0.5582720637321472,2025-12-28 04:25:06.940062+01
bac7e306-583c-4db8-afd5-0d35d3964e08,8,15,ms_hybrid:72289,52058,0.5580981969833374,2025-12-28 04:25:06.940062+01
bac7e306-583c-4db8-afd5-0d35d3964e08,8,16,ms_hybrid:46737,47344,0.55799400806427,2025-12-28 04:25:06.940062+01
bac7e306-583c-4db8-afd5-0d35d3964e08,8,17,ms_review:5670,61577,0.557518720626831,2025-12-28 04:25:06.940062+01
bac7e306-583c-4db8-afd5-0d35d3964e08,8,18,ms_review:5807,61996,0.5574101209640503,2025-12-28 04:25:06.940062+01
bac7e306-583c-4db8-afd5-0d35d3964e08,8,19,ms_review:3541,54973,0.5570836067199707,2025-12-28 04:25:06.940062+01
bac7e306-583c-4db8-afd5-0d35d3964e08,8,20,ms_review:3783,55722,0.557011604309082,2025-12-28 04:25:06.940062+01
bac7e306-583c-4db8-afd5-0d35d3964e08,8,21,ms_review:5861,62166,0.5556548833847046,2025-12-28 04:25:06.940062+01
bac7e306-583c-4db8-afd5-0d35d3964e08,8,22,ms_review:4148,56865,0.5548639893531799,2025-12-28 04:25:06.940062+01
bac7e306-583c-4db8-afd5-0d35d3964e08,8,23,ms_review:5219,60171,0.5529590845108032,2025-12-28 04:25:06.940062+01
bac7e306-583c-4db8-afd5-0d35d3964e08,8,24,ms_review:3901,56098,0.5528967380523682,2025-12-28 04:25:06.940062+01
bac7e306-583c-4db8-afd5-0d35d3964e08,8,25,ms_hybrid:63782,50183,0.5523383021354675,2025-12-28 04:25:06.940062+01
bac7e306-583c-4db8-afd5-0d35d3964e08,8,26,ms_review:3841,55918,0.5507708191871643,2025-12-28 04:25:06.940062+01
bac7e306-583c-4db8-afd5-0d35d3964e08,8,27,ms_review:3370,54447,0.5507354736328125,2025-12-28 04:25:06.940062+01
bac7e306-583c-4db8-afd5-0d35d3964e08,8,28,ms_review:3719,55521,0.5496288537979126,2025-12-28 04:25:06.940062+01
bac7e306-583c-4db8-afd5-0d35d3964e08,8,29,ms_hybrid:74677,52418,0.5480528473854065,2025-12-28 04:25:06.940062+01
bac7e306-583c-4db8-afd5-0d35d3964e08,8,30,ms_review:5928,62364,0.5452961921691895,2025-12-28 04:25:06.940062+01
bac7e306-583c-4db8-afd5-0d35d3964e08,8,31,ms_review:4098,56719,0.5418878197669983,2025-12-28 04:25:06.940062+01
bac7e306-583c-4db8-afd5-0d35d3964e08,8,32,ms_hybrid:56802,48973,0.541256308555603,2025-12-28 04:25:06.940062+01
bac7e306-583c-4db8-afd5-0d35d3964e08,8,33,ms_hybrid:75161,52483,0.5397704243659973,2025-12-28 04:25:06.940062+01
bac7e306-583c-4db8-afd5-0d35d3964e08,8,34,ms_hybrid:42393,46779,0.5393856763839722,2025-12-28 04:25:06.940062+01
bac7e306-583c-4db8-afd5-0d35d3964e08,8,35,ms_review:3652,55304,0.5391806364059448,2025-12-28 04:25:06.940062+01
bac7e306-583c-4db8-afd5-0d35d3964e08,8,36,ms_review:4537,58084,0.5386613607406616,2025-12-28 04:25:06.940062+01
bac7e306-583c-4db8-afd5-0d35d3964e08,8,37,ms_hybrid:15139,45769,0.5385156869888306,2025-12-28 04:25:06.940062+01
bac7e306-583c-4db8-afd5-0d35d3964e08,8,38,ms_review:6348,63677,0.5384385585784912,2025-12-28 04:25:06.940062+01
bac7e306-583c-4db8-afd5-0d35d3964e08,8,39,ms_hybrid:10989,44221,0.5379601716995239,2025-12-28 04:25:06.940062+01
bac7e306-583c-4db8-afd5-0d35d3964e08,8,40,ms_hybrid:49616,47842,0.5372728705406189,2025-12-28 04:25:06.940062+01
bac7e306-583c-4db8-afd5-0d35d3964e08,8,41,ms_review:3829,55882,0.5367297530174255,2025-12-28 04:25:06.940062+01
bac7e306-583c-4db8-afd5-0d35d3964e08,8,42,ms_review:6127,62945,0.5356422662734985,2025-12-28 04:25:06.940062+01
bac7e306-583c-4db8-afd5-0d35d3964e08,8,43,ms_hybrid:10375,43999,0.5342413783073425,2025-12-28 04:25:06.940062+01
bac7e306-583c-4db8-afd5-0d35d3964e08,8,44,ms_review:5255,60289,0.5337619781494141,2025-12-28 04:25:06.940062+01
bac7e306-583c-4db8-afd5-0d35d3964e08,8,45,ms_review:4165,56910,0.5337409973144531,2025-12-28 04:25:06.940062+01
bac7e306-583c-4db8-afd5-0d35d3964e08,8,46,ms_hybrid:67152,50887,0.5336493253707886,2025-12-28 04:25:06.940062+01
bac7e306-583c-4db8-afd5-0d35d3964e08,8,47,ms_review:5751,61826,0.5327435731887817,2025-12-28 04:25:06.940062+01
bac7e306-583c-4db8-afd5-0d35d3964e08,8,48,ms_review:6235,63291,0.5316859483718872,2025-12-28 04:25:06.940062+01
bac7e306-583c-4db8-afd5-0d35d3964e08,8,49,ms_review:5316,60467,0.5313044786453247,2025-12-28 04:25:06.940062+01
bac7e306-583c-4db8-afd5-0d35d3964e08,8,50,ms_hybrid:8514,53190,0.5311908721923828,2025-12-28 04:25:06.940062+01
bac7e306-583c-4db8-afd5-0d35d3964e08,9,1,kitsu:40065,18448,0.676970899105072,2025-12-28 04:30:02.04429+01
bac7e306-583c-4db8-afd5-0d35d3964e08,9,2,ms_hybrid:3344,46271,0.6436309814453125,2025-12-28 04:30:02.04429+01
bac7e306-583c-4db8-afd5-0d35d3964e08,9,3,ms_hybrid:70358,51574,0.6421072483062744,2025-12-28 04:30:02.04429+01
bac7e306-583c-4db8-afd5-0d35d3964e08,9,4,ms_hybrid:42123,46743,0.6416165828704834,2025-12-28 04:30:02.04429+01
bac7e306-583c-4db8-afd5-0d35d3964e08,9,5,ms_review:3880,56034,0.6386369466781616,2025-12-28 04:30:02.04429+01
bac7e306-583c-4db8-afd5-0d35d3964e08,9,6,ms_review:3873,56009,0.6386369466781616,2025-12-28 04:30:02.04429+01
bac7e306-583c-4db8-afd5-0d35d3964e08,9,7,ms_hybrid:55089,48720,0.6249226331710815,2025-12-28 04:30:02.04429+01
bac7e306-583c-4db8-afd5-0d35d3964e08,9,8,kitsu:608,32227,0.6221650242805481,2025-12-28 04:30:02.04429+01
bac7e306-583c-4db8-afd5-0d35d3964e08,9,9,ms_review:4080,56669,0.6192171573638916,2025-12-28 04:25:06.968586+01
bac7e306-583c-4db8-afd5-0d35d3964e08,9,10,ms_hybrid:4932,47759,0.6189171075820923,2025-12-28 04:25:06.968586+01
bac7e306-583c-4db8-afd5-0d35d3964e08,9,11,ms_review:3828,55880,0.6148937940597534,2025-12-28 04:25:06.968586+01
bac7e306-583c-4db8-afd5-0d35d3964e08,9,12,ms_review:3940,56227,0.61229008436203,2025-12-28 04:25:06.968586+01
bac7e306-583c-4db8-afd5-0d35d3964e08,9,13,kitsu:73832,40298,0.6106113195419312,2025-12-28 04:25:06.968586+01
bac7e306-583c-4db8-afd5-0d35d3964e08,9,14,ms_review:3226,54027,0.6078935861587524,2025-12-28 04:25:06.968586+01
bac7e306-583c-4db8-afd5-0d35d3964e08,9,15,kitsu:22250,8087,0.6030956506729126,2025-12-28 04:25:06.968586+01
bac7e306-583c-4db8-afd5-0d35d3964e08,9,16,ms_review:4739,58739,0.6029314994812012,2025-12-28 04:25:06.968586+01
bac7e306-583c-4db8-afd5-0d35d3964e08,9,17,kitsu:72848,39620,0.6016932129859924,2025-12-28 04:25:06.968586+01
bac7e306-583c-4db8-afd5-0d35d3964e08,9,18,ms_review:3598,55133,0.6014103889465332,2025-12-28 04:25:06.968586+01
bac7e306-583c-4db8-afd5-0d35d3964e08,9,19,ms_hybrid:48655,47572,0.6000975966453552,2025-12-28 04:25:06.968586+01
bac7e306-583c-4db8-afd5-0d35d3964e08,9,20,ms_hybrid:6628,50699,0.599763035774231,2025-12-28 04:25:06.968586+01
bac7e306-583c-4db8-afd5-0d35d3964e08,9,21,kitsu:9016,43048,0.5981968641281128,2025-12-28 04:25:06.968586+01
bac7e306-583c-4db8-afd5-0d35d3964e08,9,22,ms_review:4507,57991,0.5957833528518677,2025-12-28 04:25:06.968586+01
bac7e306-583c-4db8-afd5-0d35d3964e08,9,23,kitsu:68699,36954,0.5954950451850891,2025-12-28 04:25:06.968586+01
bac7e306-583c-4db8-afd5-0d35d3964e08,9,24,ms_review:4031,56512,0.5953994989395142,2025-12-28 04:25:06.968586+01
bac7e306-583c-4db8-afd5-0d35d3964e08,9,25,ms_review:5050,59638,0.5949689149856567,2025-12-28 04:25:06.968586+01
bac7e306-583c-4db8-afd5-0d35d3964e08,9,26,kitsu:68260,36681,0.5945977568626404,2025-12-28 04:25:06.968586+01
bac7e306-583c-4db8-afd5-0d35d3964e08,9,27,kitsu:3170,13528,0.5926864743232727,2025-12-28 04:25:06.968586+01
bac7e306-583c-4db8-afd5-0d35d3964e08,9,28,ms_hybrid:71348,51800,0.5884401202201843,2025-12-28 04:25:06.968586+01
bac7e306-583c-4db8-afd5-0d35d3964e08,9,29,kitsu:9694,43584,0.5873072147369385,2025-12-28 04:25:06.968586+01
bac7e306-583c-4db8-afd5-0d35d3964e08,9,30,kitsu:54318,27505,0.5871214866638184,2025-12-28 04:25:06.968586+01
bac7e306-583c-4db8-afd5-0d35d3964e08,9,31,ms_hybrid:3396,46284,0.5870873928070068,2025-12-28 04:25:06.968586+01
bac7e306-583c-4db8-afd5-0d35d3964e08,9,32,kitsu:7648,41668,0.5854460000991821,2025-12-28 04:25:06.968586+01
bac7e306-583c-4db8-afd5-0d35d3964e08,9,33,ms_hybrid:72122,51944,0.5849966406822205,2025-12-28 04:25:06.968586+01
bac7e306-583c-4db8-afd5-0d35d3964e08,9,34,kitsu:15353,3420,0.5849228501319885,2025-12-28 04:25:06.968586+01
bac7e306-583c-4db8-afd5-0d35d3964e08,9,35,kitsu:38618,17374,0.5842086672782898,2025-12-28 04:25:06.968586+01
bac7e306-583c-4db8-afd5-0d35d3964e08,9,36,kitsu:56350,29203,0.5829917192459106,2025-12-28 04:25:06.968586+01
bac7e306-583c-4db8-afd5-0d35d3964e08,9,37,ms_hybrid:70318,51563,0.5828782320022583,2025-12-28 04:25:06.968586+01
bac7e306-583c-4db8-afd5-0d35d3964e08,9,38,ms_hybrid:69267,51297,0.5824631452560425,2025-12-28 04:25:06.968586+01
bac7e306-583c-4db8-afd5-0d35d3964e08,9,39,ms_review:4831,58991,0.5823571681976318,2025-12-28 04:25:06.968586+01
bac7e306-583c-4db8-afd5-0d35d3964e08,9,40,ms_review:3331,54331,0.5815719366073608,2025-12-28 04:25:06.968586+01
bac7e306-583c-4db8-afd5-0d35d3964e08,9,41,kitsu:69171,37267,0.5812225341796875,2025-12-28 04:25:06.968586+01
bac7e306-583c-4db8-afd5-0d35d3964e08,9,42,kitsu:69819,37694,0.5803922414779663,2025-12-28 04:25:06.968586+01
bac7e306-583c-4db8-afd5-0d35d3964e08,9,43,kitsu:69818,37693,0.5803922414779663,2025-12-28 04:25:06.968586+01
bac7e306-583c-4db8-afd5-0d35d3964e08,9,44,ms_review:4971,59409,0.5798687934875488,2025-12-28 04:25:06.968586+01
bac7e306-583c-4db8-afd5-0d35d3964e08,9,45,ms_review:3407,54559,0.5795730352401733,2025-12-28 04:25:06.968586+01
bac7e306-583c-4db8-afd5-0d35d3964e08,9,46,kitsu:61485,32653,0.57909095287323,2025-12-28 04:25:06.968586+01
bac7e306-583c-4db8-afd5-0d35d3964e08,9,47,ms_hybrid:5258,48300,0.5784955620765686,2025-12-28 04:25:06.968586+01
bac7e306-583c-4db8-afd5-0d35d3964e08,9,48,kitsu:17903,5161,0.5779284238815308,2025-12-28 04:25:06.968586+01
bac7e306-583c-4db8-afd5-0d35d3964e08,9,49,ms_hybrid:52321,48234,0.5775784254074097,2025-12-28 04:25:06.968586+01
bac7e306-583c-4db8-afd5-0d35d3964e08,9,50,kitsu:36815,16242,0.5771331787109375,2025-12-28 04:25:06.968586+01
bac7e306-583c-4db8-afd5-0d35d3964e08,10,1,ms_hybrid:70555,51620,0.7089242339134216,2025-12-28 04:30:02.06185+01
bac7e306-583c-4db8-afd5-0d35d3964e08,10,2,ms_hybrid:49297,47727,0.6992723345756531,2025-12-28 04:30:02.06185+01
bac7e306-583c-4db8-afd5-0d35d3964e08,10,3,ms_review:5817,62031,0.6951545476913452,2025-12-28 04:30:02.06185+01
bac7e306-583c-4db8-afd5-0d35d3964e08,10,4,ms_review:3595,55123,0.683746874332428,2025-12-28 04:30:02.06185+01
bac7e306-583c-4db8-afd5-0d35d3964e08,10,5,ms_review:5077,59725,0.6816511750221252,2025-12-28 04:30:02.06185+01
bac7e306-583c-4db8-afd5-0d35d3964e08,10,6,ms_review:4610,58334,0.6768618226051331,2025-12-28 04:30:02.06185+01
bac7e306-583c-4db8-afd5-0d35d3964e08,10,7,ms_review:5789,61938,0.6706284880638123,2025-12-28 04:30:02.06185+01
bac7e306-583c-4db8-afd5-0d35d3964e08,10,8,ms_review:6045,62701,0.6670679450035095,2025-12-28 04:30:02.06185+01
bac7e306-583c-4db8-afd5-0d35d3964e08,10,9,ms_review:3239,54061,0.6664836406707764,2025-12-28 04:25:07.000349+01
bac7e306-583c-4db8-afd5-0d35d3964e08,10,10,ms_review:5538,61141,0.6582518815994263,2025-12-28 04:25:07.000349+01
bac7e306-583c-4db8-afd5-0d35d3964e08,10,11,ms_hybrid:49055,47661,0.6571012735366821,2025-12-28 04:25:07.000349+01
bac7e306-583c-4db8-afd5-0d35d3964e08,10,12,ms_review:4020,56473,0.6532158851623535,2025-12-28 04:25:07.000349+01
bac7e306-583c-4db8-afd5-0d35d3964e08,10,13,ms_hybrid:49179,47695,0.6528394818305969,2025-12-28 04:25:07.000349+01
bac7e306-583c-4db8-afd5-0d35d3964e08,10,14,ms_hybrid:48215,47517,0.6516973972320557,2025-12-28 04:25:07.000349+01
bac7e306-583c-4db8-afd5-0d35d3964e08,10,15,ms_hybrid:9727,53782,0.6464756727218628,2025-12-28 04:25:07.000349+01
bac7e306-583c-4db8-afd5-0d35d3964e08,10,16,ms_review:5313,60456,0.6429661512374878,2025-12-28 04:25:07.000349+01
bac7e306-583c-4db8-afd5-0d35d3964e08,10,17,ms_review:6315,63541,0.6417867541313171,2025-12-28 04:25:07.000349+01
bac7e306-583c-4db8-afd5-0d35d3964e08,10,18,ms_review:3448,54694,0.6395198702812195,2025-12-28 04:25:07.000349+01
bac7e306-583c-4db8-afd5-0d35d3964e08,10,19,ms_review:5240,60235,0.6388016939163208,2025-12-28 04:25:07.000349+01
bac7e306-583c-4db8-afd5-0d35d3964e08,10,20,ms_review:3863,55979,0.634323239326477,2025-12-28 04:25:07.000349+01
bac7e306-583c-4db8-afd5-0d35d3964e08,10,21,ms_hybrid:55245,48748,0.6296186447143555,2025-12-28 04:25:07.000349+01
bac7e306-583c-4db8-afd5-0d35d3964e08,10,22,ms_review:5076,59722,0.6274877786636353,2025-12-28 04:25:07.000349+01
bac7e306-583c-4db8-afd5-0d35d3964e08,10,23,ms_hybrid:50505,47968,0.6267673969268799,2025-12-28 04:25:07.000349+01
bac7e306-583c-4db8-afd5-0d35d3964e08,10,24,ms_hybrid:75161,52490,0.6249771118164062,2025-12-28 04:25:07.000349+01
bac7e306-583c-4db8-afd5-0d35d3964e08,10,25,ms_hybrid:9538,53685,0.6247491836547852,2025-12-28 04:25:07.000349+01
bac7e306-583c-4db8-afd5-0d35d3964e08,10,26,ms_review:4545,58107,0.6241693496704102,2025-12-28 04:25:07.000349+01
bac7e306-583c-4db8-afd5-0d35d3964e08,10,27,ms_review:4115,56774,0.62403804063797,2025-12-28 04:25:07.000349+01
bac7e306-583c-4db8-afd5-0d35d3964e08,10,28,ms_review:6174,63106,0.6219964027404785,2025-12-28 04:25:07.000349+01
bac7e306-583c-4db8-afd5-0d35d3964e08,10,29,ms_review:3737,55574,0.6207897663116455,2025-12-28 04:25:07.000349+01
bac7e306-583c-4db8-afd5-0d35d3964e08,10,30,ms_hybrid:6850,51122,0.6202609539031982,2025-12-28 04:25:07.000349+01
bac7e306-583c-4db8-afd5-0d35d3964e08,10,31,ms_review:4471,57881,0.6200778484344482,2025-12-28 04:25:07.000349+01
bac7e306-583c-4db8-afd5-0d35d3964e08,10,32,ms_review:5403,60730,0.6200536489486694,2025-12-28 04:25:07.000349+01
bac7e306-583c-4db8-afd5-0d35d3964e08,10,33,ms_hybrid:75161,52477,0.6200296878814697,2025-12-28 04:25:07.000349+01
bac7e306-583c-4db8-afd5-0d35d3964e08,10,34,ms_review:4106,56747,0.6196118593215942,2025-12-28 04:25:07.000349+01
bac7e306-583c-4db8-afd5-0d35d3964e08,10,35,ms_review:4590,58275,0.6195881366729736,2025-12-28 04:25:07.000349+01
bac7e306-583c-4db8-afd5-0d35d3964e08,10,36,ms_review:3822,55855,0.6186575889587402,2025-12-28 04:25:07.000349+01
bac7e306-583c-4db8-afd5-0d35d3964e08,10,37,ms_review:5355,60587,0.6178077459335327,2025-12-28 04:25:07.000349+01
bac7e306-583c-4db8-afd5-0d35d3964e08,10,38,ms_review:5518,61086,0.6168694496154785,2025-12-28 04:25:07.000349+01
bac7e306-583c-4db8-afd5-0d35d3964e08,10,39,ms_review:3950,56267,0.6145521402359009,2025-12-28 04:25:07.000349+01
bac7e306-583c-4db8-afd5-0d35d3964e08,10,40,ms_hybrid:69403,51325,0.6143509149551392,2025-12-28 04:25:07.000349+01
bac7e306-583c-4db8-afd5-0d35d3964e08,10,41,ms_hybrid:69561,51374,0.6133511066436768,2025-12-28 04:25:07.000349+01
bac7e306-583c-4db8-afd5-0d35d3964e08,10,42,ms_hybrid:46130,47241,0.6126697063446045,2025-12-28 04:25:07.000349+01
bac7e306-583c-4db8-afd5-0d35d3964e08,10,43,ms_review:6234,63287,0.6115052700042725,2025-12-28 04:25:07.000349+01
bac7e306-583c-4db8-afd5-0d35d3964e08,10,44,ms_hybrid:65541,50468,0.6088358163833618,2025-12-28 04:25:07.000349+01
bac7e306-583c-4db8-afd5-0d35d3964e08,10,45,ms_review:5118,59851,0.6081587076187134,2025-12-28 04:25:07.000349+01
bac7e306-583c-4db8-afd5-0d35d3964e08,10,46,ms_review:5668,61571,0.6079258322715759,2025-12-28 04:25:07.000349+01
bac7e306-583c-4db8-afd5-0d35d3964e08,10,47,ms_hybrid:55060,48715,0.6077011227607727,2025-12-28 04:25:07.000349+01
bac7e306-583c-4db8-afd5-0d35d3964e08,10,48,ms_review:5861,62166,0.6054482460021973,2025-12-28 04:25:07.000349+01
bac7e306-583c-4db8-afd5-0d35d3964e08,10,49,ms_review:4058,56594,0.6054079532623291,2025-12-28 04:25:07.000349+01
bac7e306-583c-4db8-afd5-0d35d3964e08,10,50,ms_review:5839,62091,0.6053776144981384,2025-12-28 04:25:07.000349+01
bac7e306-583c-4db8-afd5-0d35d3964e08,11,1,ms_hybrid:72122,51947,0.6643648147583008,2025-12-28 04:30:02.080982+01
bac7e306-583c-4db8-afd5-0d35d3964e08,11,2,ms_review:5139,59915,0.6496598720550537,2025-12-28 04:30:02.080982+01
bac7e306-583c-4db8-afd5-0d35d3964e08,11,3,ms_review:6018,62632,0.6428321599960327,2025-12-28 04:30:02.080982+01
bac7e306-583c-4db8-afd5-0d35d3964e08,11,4,ms_hybrid:7690,52655,0.6379457116127014,2025-12-28 04:30:02.080982+01
bac7e306-583c-4db8-afd5-0d35d3964e08,11,5,ms_review:4690,58595,0.6255955696105957,2025-12-28 04:30:02.080982+01
bac7e306-583c-4db8-afd5-0d35d3964e08,11,6,ms_hybrid:65876,50603,0.6247967481613159,2025-12-28 04:30:02.080982+01
bac7e306-583c-4db8-afd5-0d35d3964e08,11,7,ms_hybrid:52145,48197,0.6212071180343628,2025-12-28 04:30:02.080982+01
bac7e306-583c-4db8-afd5-0d35d3964e08,11,8,ms_hybrid:11036,44244,0.6179937124252319,2025-12-28 04:30:02.080982+01
bac7e306-583c-4db8-afd5-0d35d3964e08,11,9,ms_hybrid:70432,51597,0.6164233684539795,2025-12-28 04:25:07.027304+01
bac7e306-583c-4db8-afd5-0d35d3964e08,11,10,ms_review:5160,59982,0.614906907081604,2025-12-28 04:25:07.027304+01
bac7e306-583c-4db8-afd5-0d35d3964e08,11,11,ms_hybrid:11036,44245,0.6094628572463989,2025-12-28 04:25:07.027304+01
bac7e306-583c-4db8-afd5-0d35d3964e08,11,12,ms_review:5632,61447,0.6057770252227783,2025-12-28 04:25:07.027304+01
bac7e306-583c-4db8-afd5-0d35d3964e08,11,13,ms_review:4148,56865,0.6026772260665894,2025-12-28 04:25:07.027304+01
bac7e306-583c-4db8-afd5-0d35d3964e08,11,14,ms_hybrid:13270,45136,0.6010562181472778,2025-12-28 04:25:07.027304+01
bac7e306-583c-4db8-afd5-0d35d3964e08,11,15,ms_review:5209,60139,0.6009107828140259,2025-12-28 04:25:07.027304+01
bac7e306-583c-4db8-afd5-0d35d3964e08,11,16,ms_hybrid:15311,45846,0.5997883081436157,2025-12-28 04:25:07.027304+01
bac7e306-583c-4db8-afd5-0d35d3964e08,11,17,ms_review:5842,62099,0.5994843244552612,2025-12-28 04:25:07.027304+01
bac7e306-583c-4db8-afd5-0d35d3964e08,11,18,ms_review:4628,58394,0.5961006879806519,2025-12-28 04:25:07.027304+01
bac7e306-583c-4db8-afd5-0d35d3964e08,11,19,ms_review:4814,58938,0.5960776209831238,2025-12-28 04:25:07.027304+01
bac7e306-583c-4db8-afd5-0d35d3964e08,11,20,kitsu:25168,10198,0.5932978391647339,2025-12-28 04:25:07.027304+01
bac7e306-583c-4db8-afd5-0d35d3964e08,11,21,kitsu:69911,37756,0.5929506421089172,2025-12-28 04:25:07.027304+01
bac7e306-583c-4db8-afd5-0d35d3964e08,11,22,kitsu:72330,39330,0.5923870801925659,2025-12-28 04:25:07.027304+01
bac7e306-583c-4db8-afd5-0d35d3964e08,11,23,ms_review:4805,58920,0.587685763835907,2025-12-28 04:25:07.027304+01
bac7e306-583c-4db8-afd5-0d35d3964e08,11,24,ms_review:3460,54734,0.586513102054596,2025-12-28 04:25:07.027304+01
bac7e306-583c-4db8-afd5-0d35d3964e08,11,25,ms_review:4191,56999,0.5851812362670898,2025-12-28 04:25:07.027304+01
bac7e306-583c-4db8-afd5-0d35d3964e08,11,26,ms_review:3688,55415,0.5798740386962891,2025-12-28 04:25:07.027304+01
bac7e306-583c-4db8-afd5-0d35d3964e08,11,27,ms_review:6370,63736,0.5780372023582458,2025-12-28 04:25:07.027304+01
bac7e306-583c-4db8-afd5-0d35d3964e08,11,28,ms_review:4680,58560,0.5778944492340088,2025-12-28 04:25:07.027304+01
bac7e306-583c-4db8-afd5-0d35d3964e08,11,29,ms_review:3626,55216,0.5777313113212585,2025-12-28 04:25:07.027304+01
bac7e306-583c-4db8-afd5-0d35d3964e08,11,30,ms_review:5861,62166,0.5747588872909546,2025-12-28 04:25:07.027304+01
bac7e306-583c-4db8-afd5-0d35d3964e08,11,31,ms_review:5476,60958,0.574357271194458,2025-12-28 04:25:07.027304+01
bac7e306-583c-4db8-afd5-0d35d3964e08,11,32,ms_review:4165,56908,0.5721608996391296,2025-12-28 04:25:07.027304+01
bac7e306-583c-4db8-afd5-0d35d3964e08,11,33,ms_hybrid:13832,45385,0.5721567869186401,2025-12-28 04:25:07.027304+01
bac7e306-583c-4db8-afd5-0d35d3964e08,11,34,ms_review:4858,59066,0.5720521807670593,2025-12-28 04:25:07.027304+01
bac7e306-583c-4db8-afd5-0d35d3964e08,11,35,ms_review:6206,63209,0.5715517997741699,2025-12-28 04:25:07.027304+01
bac7e306-583c-4db8-afd5-0d35d3964e08,11,36,kitsu:34273,14696,0.5710546374320984,2025-12-28 04:25:07.027304+01
bac7e306-583c-4db8-afd5-0d35d3964e08,11,37,kitsu:33358,14299,0.5709490776062012,2025-12-28 04:25:07.027304+01
bac7e306-583c-4db8-afd5-0d35d3964e08,11,38,ms_review:5712,61703,0.570837140083313,2025-12-28 04:25:07.027304+01
bac7e306-583c-4db8-afd5-0d35d3964e08,11,39,ms_review:3731,55552,0.5706335306167603,2025-12-28 04:25:07.027304+01
bac7e306-583c-4db8-afd5-0d35d3964e08,11,40,ms_hybrid:11122,44277,0.5701054334640503,2025-12-28 04:25:07.027304+01
bac7e306-583c-4db8-afd5-0d35d3964e08,11,41,ms_review:3652,55304,0.5687320232391357,2025-12-28 04:25:07.027304+01
bac7e306-583c-4db8-afd5-0d35d3964e08,11,42,ms_hybrid:4932,47760,0.5687268972396851,2025-12-28 04:25:07.027304+01
bac7e306-583c-4db8-afd5-0d35d3964e08,11,43,ms_hybrid:60493,49438,0.5683077573776245,2025-12-28 04:25:07.027304+01
bac7e306-583c-4db8-afd5-0d35d3964e08,11,44,ms_review:3940,56227,0.568006157875061,2025-12-28 04:25:07.027304+01
bac7e306-583c-4db8-afd5-0d35d3964e08,11,45,ms_hybrid:70358,51574,0.5655369758605957,2025-12-28 04:25:07.027304+01
bac7e306-583c-4db8-afd5-0d35d3964e08,11,46,ms_review:3822,55856,0.5638601779937744,2025-12-28 04:25:07.027304+01
bac7e306-583c-4db8-afd5-0d35d3964e08,11,47,ms_hybrid:7126,51766,0.5636330246925354,2025-12-28 04:25:07.027304+01
bac7e306-583c-4db8-afd5-0d35d3964e08,11,48,kitsu:61664,32782,0.5628628134727478,2025-12-28 04:25:07.027304+01
bac7e306-583c-4db8-afd5-0d35d3964e08,11,49,ms_hybrid:69121,51257,0.5624611377716064,2025-12-28 04:25:07.027304+01
bac7e306-583c-4db8-afd5-0d35d3964e08,11,50,ms_hybrid:71348,51800,0.5615421533584595,2025-12-28 04:25:07.027304+01
bac7e306-583c-4db8-afd5-0d35d3964e08,12,1,kitsu:32581,13898,0.7066643238067627,2025-12-28 04:30:02.10045+01
bac7e306-583c-4db8-afd5-0d35d3964e08,12,2,ms_hybrid:47283,47414,0.6867266893386841,2025-12-28 04:30:02.10045+01
bac7e306-583c-4db8-afd5-0d35d3964e08,12,3,ms_hybrid:76891,52648,0.6719980239868164,2025-12-28 04:30:02.10045+01
bac7e306-583c-4db8-afd5-0d35d3964e08,12,4,ms_review:3329,54323,0.6697138547897339,2025-12-28 04:30:02.10045+01
bac7e306-583c-4db8-afd5-0d35d3964e08,12,5,ms_hybrid:54408,48551,0.6584428548812866,2025-12-28 04:30:02.10045+01
bac7e306-583c-4db8-afd5-0d35d3964e08,12,6,kitsu:52294,26252,0.6571388244628906,2025-12-28 04:30:02.10045+01
bac7e306-583c-4db8-afd5-0d35d3964e08,12,7,ms_review:5146,59935,0.6544734239578247,2025-12-28 04:30:02.10045+01
bac7e306-583c-4db8-afd5-0d35d3964e08,12,8,ms_review:4522,58032,0.6504014730453491,2025-12-28 04:30:02.10045+01
bac7e306-583c-4db8-afd5-0d35d3964e08,12,9,ms_review:5124,59872,0.6464425921440125,2025-12-28 04:25:07.055566+01
bac7e306-583c-4db8-afd5-0d35d3964e08,12,10,ms_hybrid:70106,51500,0.6438938975334167,2025-12-28 04:25:07.055566+01
bac7e306-583c-4db8-afd5-0d35d3964e08,12,11,ms_hybrid:39957,46525,0.6418419480323792,2025-12-28 04:25:07.055566+01
bac7e306-583c-4db8-afd5-0d35d3964e08,12,12,ms_hybrid:69143,51275,0.6413733959197998,2025-12-28 04:25:07.055566+01
bac7e306-583c-4db8-afd5-0d35d3964e08,12,13,ms_review:4376,57568,0.6411823034286499,2025-12-28 04:25:07.055566+01
bac7e306-583c-4db8-afd5-0d35d3964e08,12,14,ms_review:4383,57588,0.6399203538894653,2025-12-28 04:25:07.055566+01
bac7e306-583c-4db8-afd5-0d35d3964e08,12,15,ms_hybrid:10064,43857,0.6387802362442017,2025-12-28 04:25:07.055566+01
bac7e306-583c-4db8-afd5-0d35d3964e08,12,16,ms_hybrid:72321,52094,0.6386353969573975,2025-12-28 04:25:07.055566+01
bac7e306-583c-4db8-afd5-0d35d3964e08,12,17,ms_hybrid:54540,48574,0.6376597881317139,2025-12-28 04:25:07.055566+01
bac7e306-583c-4db8-afd5-0d35d3964e08,12,18,ms_hybrid:64972,50362,0.6365824341773987,2025-12-28 04:25:07.055566+01
bac7e306-583c-4db8-afd5-0d35d3964e08,12,19,ms_review:3448,54694,0.63401859998703,2025-12-28 04:25:07.055566+01
bac7e306-583c-4db8-afd5-0d35d3964e08,12,20,ms_review:4759,58793,0.6326937079429626,2025-12-28 04:25:07.055566+01
bac7e306-583c-4db8-afd5-0d35d3964e08,12,21,ms_review:5599,61338,0.6325125694274902,2025-12-28 04:25:07.055566+01
bac7e306-583c-4db8-afd5-0d35d3964e08,12,22,ms_review:4155,56881,0.6315630674362183,2025-12-28 04:25:07.055566+01
bac7e306-583c-4db8-afd5-0d35d3964e08,12,23,ms_hybrid:1239,44811,0.6310728788375854,2025-12-28 04:25:07.055566+01
bac7e306-583c-4db8-afd5-0d35d3964e08,12,24,ms_hybrid:13438,45212,0.6304602026939392,2025-12-28 04:25:07.055566+01
bac7e306-583c-4db8-afd5-0d35d3964e08,12,25,ms_review:4587,58264,0.6300201416015625,2025-12-28 04:25:07.055566+01
bac7e306-583c-4db8-afd5-0d35d3964e08,12,26,ms_review:5791,61947,0.6299810409545898,2025-12-28 04:25:07.055566+01
bac7e306-583c-4db8-afd5-0d35d3964e08,12,27,ms_review:5604,61357,0.6290237903594971,2025-12-28 04:25:07.055566+01
bac7e306-583c-4db8-afd5-0d35d3964e08,12,28,ms_review:5247,60264,0.6276928186416626,2025-12-28 04:25:07.055566+01
bac7e306-583c-4db8-afd5-0d35d3964e08,12,29,ms_review:5076,59722,0.6271582245826721,2025-12-28 04:25:07.055566+01
bac7e306-583c-4db8-afd5-0d35d3964e08,12,30,ms_hybrid:39957,46516,0.6259554624557495,2025-12-28 04:25:07.055566+01
bac7e306-583c-4db8-afd5-0d35d3964e08,12,31,ms_review:3264,54139,0.624973714351654,2025-12-28 04:25:07.055566+01
bac7e306-583c-4db8-afd5-0d35d3964e08,12,32,ms_review:5567,61231,0.6239945888519287,2025-12-28 04:25:07.055566+01
bac7e306-583c-4db8-afd5-0d35d3964e08,12,33,ms_hybrid:1814,46094,0.6232850551605225,2025-12-28 04:25:07.055566+01
bac7e306-583c-4db8-afd5-0d35d3964e08,12,34,ms_hybrid:70919,51695,0.622882604598999,2025-12-28 04:25:07.055566+01
bac7e306-583c-4db8-afd5-0d35d3964e08,12,35,ms_review:6349,63682,0.6222392320632935,2025-12-28 04:25:07.055566+01
bac7e306-583c-4db8-afd5-0d35d3964e08,12,36,ms_hybrid:12119,44713,0.6215015649795532,2025-12-28 04:25:07.055566+01
bac7e306-583c-4db8-afd5-0d35d3964e08,12,37,ms_hybrid:75161,52478,0.6211857795715332,2025-12-28 04:25:07.055566+01
bac7e306-583c-4db8-afd5-0d35d3964e08,12,38,ms_hybrid:49852,47860,0.6206334829330444,2025-12-28 04:25:07.055566+01
bac7e306-583c-4db8-afd5-0d35d3964e08,12,39,ms_review:4477,57899,0.6190671324729919,2025-12-28 04:25:07.055566+01
bac7e306-583c-4db8-afd5-0d35d3964e08,12,40,ms_review:3716,55509,0.6174924373626709,2025-12-28 04:25:07.055566+01
bac7e306-583c-4db8-afd5-0d35d3964e08,12,41,ms_hybrid:48832,47583,0.6160443425178528,2025-12-28 04:25:07.055566+01
bac7e306-583c-4db8-afd5-0d35d3964e08,12,42,ms_review:4819,58951,0.6158308982849121,2025-12-28 04:25:07.055566+01
bac7e306-583c-4db8-afd5-0d35d3964e08,12,43,ms_review:5977,62508,0.6147941946983337,2025-12-28 04:25:07.055566+01
bac7e306-583c-4db8-afd5-0d35d3964e08,12,44,ms_review:5176,60036,0.6134685277938843,2025-12-28 04:25:07.055566+01
bac7e306-583c-4db8-afd5-0d35d3964e08,12,45,ms_hybrid:51503,48119,0.6126744151115417,2025-12-28 04:25:07.055566+01
bac7e306-583c-4db8-afd5-0d35d3964e08,12,46,ms_review:6272,63410,0.6117331981658936,2025-12-28 04:25:07.055566+01
bac7e306-583c-4db8-afd5-0d35d3964e08,12,47,ms_review:4576,58214,0.6114826798439026,2025-12-28 04:25:07.055566+01
bac7e306-583c-4db8-afd5-0d35d3964e08,12,48,ms_review:4095,56709,0.6096683740615845,2025-12-28 04:25:07.055566+01
bac7e306-583c-4db8-afd5-0d35d3964e08,12,49,ms_hybrid:46737,47338,0.6078133583068848,2025-12-28 04:25:07.055566+01
bac7e306-583c-4db8-afd5-0d35d3964e08,12,50,ms_review:3698,55446,0.6071627140045166,2025-12-28 04:25:07.055566+01
